ART,PROJ,CHG,DIST,QE,TOF,DRIFT,ANGLE,VTERM
105,HE,1,100,89.0,2.8,0.0,5.1,331.0
105,HE,1,200,89.0,2.8,0.0,5.1,331.0
105,HE,1,300,89.0,2.8,0.0,5.1,331.0
105,HE,1,400,89.0,2.8,0.0,5.1,331.0
105,HE,1,500,102.0,3.2,0.0,5.9,326.0
105,HE,1,600,123.0,3.9,0.0,7.2,317.0
105,HE,1,700,145.0,4.6,0.1,8.5,308.0
105,HE,1,800,168.0,5.3,0.1,9.9,300.0
105,HE,1,900,191.0,6.0,0.1,11.4,291.0
105,HE,1,1000,215.0,6.7,0.1,12.9,283.0
105,HE,1,1100,245.0,7.6,0.2,14.7,273.0
105,HE,1,1300,340.0,10.0,0.3,20.6,248.0
105,HE,1,1600,574.0,15.6,0.7,34.6,199.0
105,HE,2,200,89.0,3.5,0.0,5.2,322.0
105,HE,2,300,89.0,3.5,0.0,5.2,322.0
105,HE,2,400,89.0,3.5,0.0,5.2,322.0
105,HE,2,500,89.0,3.5,0.0,5.2,322.0
105,HE,2,600,89.0,3.5,0.0,5.2,322.0
105,HE,2,700,92.0,3.6,0.0,5.4,321.0
105,HE,2,800,106.0,4.2,0.1,6.3,313.0
105,HE,2,900,121.0,4.7,0.1,7.2,307.0
105,HE,2,1000,135.0,5.3,0.1,8.1,300.0
105,HE,2,1100,150.0,5.9,0.1,9.1,293.0
105,HE,2,1200,165.0,6.5,0.1,10.1,286.0
105,HE,2,1300,181.0,7.1,0.1,11.1,279.0
105,HE,2,1400,197.0,7.7,0.2,12.1,272.0
105,HE,2,1500,214.0,8.3,0.2,13.2,266.0
105,HE,2,1600,385.0,12.7,0.5,23.2,223.0
105,HE,2,1700,405.0,13.5,0.5,24.5,216.0
105,HE,2,2200,470.0,16.2,0.8,29.4,194.0
105,HE,2,2800,552.0,19.6,1.1,35.8,169.0
105,HE,3,200,89.0,4.1,0.0,5.3,314.0
105,HE,3,300,89.0,4.1,0.0,5.3,314.0
105,HE,3,400,89.0,4.1,0.0,5.3,314.0
105,HE,3,500,89.0,4.1,0.0,5.3,314.0
105,HE,3,600,89.0,4.1,0.0,5.3,314.0
105,HE,3,700,89.0,4.1,0.0,5.3,314.0
105,HE,3,800,89.0,4.1,0.0,5.3,314.0
105,HE,3,900,89.0,4.1,0.0,5.3,314.0
105,HE,3,1000,100.0,4.6,0.1,6.0,308.0
105,HE,3,1100,111.0,5.0,0.1,6.7,303.0
105,HE,3,1200,122.0,5.5,0.1,7.4,297.0
105,HE,3,1300,133.0,6.0,0.1,8.2,291.0
105,HE,3,1400,145.0,6.5,0.1,8.9,286.0
105,HE,3,1500,157.0,7.1,0.1,9.7,279.0
105,HE,3,1600,169.0,7.6,0.2,10.5,273.0
105,HE,3,1700,181.0,8.1,0.2,11.4,268.0
105,HE,3,1800,194.0,8.7,0.2,12.2,262.0
105,HE,3,1900,206.0,9.2,0.2,13.1,256.0
105,HE,3,2400,372.0,14.8,0.6,23.5,205.0
105,HE,3,3200,435.0,18.2,1.0,29.2,179.0
105,HE,4,200,89.0,4.9,0.1,5.5,305.0
105,HE,4,300,89.0,4.9,0.1,5.5,305.0
105,HE,4,400,89.0,4.9,0.1,5.5,305.0
105,HE,4,500,89.0,4.9,0.1,5.5,305.0
105,HE,4,600,89.0,4.9,0.1,5.5,305.0
105,HE,4,700,89.0,4.9,0.1,5.5,305.0
105,HE,4,800,89.0,4.9,0.1,5.5,305.0
105,HE,4,900,89.0,4.9,0.1,5.5,305.0
105,HE,4,1000,89.0,4.9,0.1,5.5,305.0
105,HE,4,1100,89.0,4.9,0.1,5.5,305.0
105,HE,4,1200,89.0,4.9,0.1,5.5,305.0
105,HE,4,1300,92.0,5.0,0.1,5.7,303.0
105,HE,4,1400,100.0,5.4,0.1,6.2,299.0
105,HE,4,1500,108.0,5.9,0.1,6.7,293.0
105,HE,4,1600,116.0,6.3,0.1,7.3,288.0
105,HE,4,1700,124.0,6.7,0.1,7.9,283.0
105,HE,4,1800,133.0,7.2,0.1,8.5,278.0
105,HE,4,1900,142.0,7.6,0.2,9.1,273.0
105,HE,4,2000,150.0,8.1,0.2,9.7,268.0
105,HE,4,2100,159.0,8.5,0.2,10.3,264.0
105,HE,4,2200,169.0,9.0,0.2,11.0,258.0
105,HE,4,2300,178.0,9.5,0.3,11.7,253.0
105,HE,4,2400,187.0,9.9,0.3,12.4,249.0
105,HE,4,2500,197.0,10.4,0.3,13.1,244.0
105,HE,4,3000,280.0,14.0,0.6,18.7,212.0
105,HE,4,4300,465.0,22.4,1.4,32.7,151.0
105,HE,5,200,89.0,5.8,0.1,5.8,294.0
105,HE,5,300,89.0,5.8,0.1,5.8,294.0
105,HE,5,400,89.0,5.8,0.1,5.8,294.0
105,HE,5,500,89.0,5.8,0.1,5.8,294.0
105,HE,5,600,89.0,5.8,0.1,5.8,294.0
105,HE,5,700,89.0,5.8,0.1,5.8,294.0
105,HE,5,800,89.0,5.8,0.1,5.8,294.0
105,HE,5,900,89.0,5.8,0.1,5.8,294.0
105,HE,5,1000,89.0,5.8,0.1,5.8,294.0
105,HE,5,1100,89.0,5.8,0.1,5.8,294.0
105,HE,5,1200,89.0,5.8,0.1,5.8,294.0
105,HE,5,1300,89.0,5.8,0.1,5.8,294.0
105,HE,5,1400,89.0,5.8,0.1,5.8,294.0
105,HE,5,1500,89.0,5.8,0.1,5.8,294.0
105,HE,5,1600,89.0,5.8,0.1,5.8,294.0
105,HE,5,1700,89.0,5.8,0.1,5.8,294.0
105,HE,5,1800,92.0,6.0,0.1,6.0,291.0
105,HE,5,1900,98.0,6.4,0.1,6.5,287.0
105,HE,5,2000,105.0,6.7,0.1,6.9,283.0
105,HE,5,2100,111.0,7.1,0.1,7.4,279.0
105,HE,5,2200,117.0,7.5,0.2,7.9,274.0
105,HE,5,2300,124.0,7.9,0.2,8.4,270.0
105,HE,5,2400,130.0,8.3,0.2,8.9,266.0
105,HE,5,2500,137.0,8.7,0.2,9.4,262.0
105,HE,5,2600,144.0,9.1,0.2,9.9,257.0
105,HE,5,2700,151.0,9.5,0.3,10.5,253.0
105,HE,5,2800,158.0,10.0,0.3,11.0,248.0
105,HE,5,2900,166.0,10.4,0.3,11.6,244.0
105,HE,5,3000,173.0,10.8,0.3,12.2,241.0
105,HE,5,3100,181.0,11.3,0.4,12.8,236.0
105,HE,5,3200,188.0,11.7,0.4,13.4,232.0
105,HE,5,3400,211.0,12.9,0.5,15.0,221.0
105,HE,5,4200,291.0,17.1,0.8,21.3,187.0
105,HE,6,200,89.0,6.7,0.1,6.1,283.0
105,HE,6,300,89.0,6.7,0.1,6.1,283.0
105,HE,6,400,89.0,6.7,0.1,6.1,283.0
105,HE,6,500,89.0,6.7,0.1,6.1,283.0
105,HE,6,600,89.0,6.7,0.1,6.1,283.0
105,HE,6,700,89.0,6.7,0.1,6.1,283.0
105,HE,6,800,89.0,6.7,0.1,6.1,283.0
105,HE,6,900,89.0,6.7,0.1,6.1,283.0
105,HE,6,1000,89.0,6.7,0.1,6.1,283.0
105,HE,6,1100,89.0,6.7,0.1,6.1,283.0
105,HE,6,1200,89.0,6.7,0.1,6.1,283.0
105,HE,6,1300,89.0,6.7,0.1,6.1,283.0
105,HE,6,1400,89.0,6.7,0.1,6.1,283.0
105,HE,6,1500,89.0,6.7,0.1,6.1,283.0
105,HE,6,1600,89.0,6.7,0.1,6.1,283.0
105,HE,6,1700,89.0,6.7,0.1,6.1,283.0
105,HE,6,1800,89.0,6.7,0.1,6.1,283.0
105,HE,6,1900,89.0,6.7,0.1,6.1,283.0
105,HE,6,2000,89.0,6.7,0.1,6.1,283.0
105,HE,6,2100,89.0,6.7,0.1,6.1,283.0
105,HE,6,2200,89.0,6.7,0.1,6.1,283.0
105,HE,6,2300,90.0,6.8,0.1,6.2,282.0
105,HE,6,2400,95.0,7.1,0.1,6.6,279.0
105,HE,6,2500,100.0,7.5,0.2,7.0,274.0
105,HE,6,2600,105.0,7.8,0.2,7.4,271.0
105,HE,6,2700,111.0,8.2,0.2,7.9,267.0
105,HE,6,2800,116.0,8.6,0.2,8.3,263.0
105,HE,6,2900,121.0,8.9,0.2,8.8,260.0
105,HE,6,3000,127.0,9.3,0.2,9.2,255.0
105,HE,6,3100,132.0,9.7,0.3,9.7,251.0
105,HE,6,3200,138.0,10.1,0.3,10.2,247.0
105,HE,6,3300,144.0,10.5,0.3,10.7,243.0
105,HE,6,3400,150.0,10.9,0.3,11.2,240.0
105,HE,6,3500,156.0,11.3,0.3,11.7,236.0
105,HE,6,3600,162.0,11.7,0.4,12.2,232.0
105,HE,6,3700,169.0,12.1,0.4,12.8,228.0
105,HE,6,3800,175.0,12.5,0.4,13.3,225.0
105,HE,6,4100,288.0,17.6,0.9,20.4,183.0
105,HE,6,4700,305.0,19.2,1.0,22.7,172.0
105,HE,7,200,89.0,8.1,0.2,6.7,268.0
105,HE,7,300,89.0,8.1,0.2,6.7,268.0
105,HE,7,400,89.0,8.1,0.2,6.7,268.0
105,HE,7,500,89.0,8.1,0.2,6.7,268.0
105,HE,7,600,89.0,8.1,0.2,6.7,268.0
105,HE,7,700,89.0,8.1,0.2,6.7,268.0
105,HE,7,800,89.0,8.1,0.2,6.7,268.0
105,HE,7,900,89.0,8.1,0.2,6.7,268.0
105,HE,7,1000,89.0,8.1,0.2,6.7,268.0
105,HE,7,1100,89.0,8.1,0.2,6.7,268.0
105,HE,7,1200,89.0,8.1,0.2,6.7,268.0
105,HE,7,1300,89.0,8.1,0.2,6.7,268.0
105,HE,7,1400,89.0,8.1,0.2,6.7,268.0
105,HE,7,1500,89.0,8.1,0.2,6.7,268.0
105,HE,7,1600,89.0,8.1,0.2,6.7,268.0
105,HE,7,1700,89.0,8.1,0.2,6.7,268.0
105,HE,7,1800,89.0,8.1,0.2,6.7,268.0
105,HE,7,1900,89.0,8.1,0.2,6.7,268.0
105,HE,7,2000,89.0,8.1,0.2,6.7,268.0
105,HE,7,2100,89.0,8.1,0.2,6.7,268.0
105,HE,7,2200,89.0,8.1,0.2,6.7,268.0
105,HE,7,2300,89.0,8.1,0.2,6.7,268.0
105,HE,7,2400,89.0,8.1,0.2,6.7,268.0
105,HE,7,2500,89.0,8.1,0.2,6.7,268.0
105,HE,7,2600,89.0,8.1,0.2,6.7,268.0
105,HE,7,2700,89.0,8.1,0.2,6.7,268.0
105,HE,7,2800,89.0,8.1,0.2,6.7,268.0
105,HE,7,2900,89.0,8.1,0.2,6.7,268.0
105,HE,7,3000,89.0,8.1,0.2,6.7,268.0
105,HE,7,3100,89.0,8.1,0.2,6.7,268.0
105,HE,7,3200,90.0,8.1,0.2,6.7,268.0
105,HE,7,3300,93.0,8.5,0.2,7.1,264.0
105,HE,7,3400,97.0,8.8,0.2,7.4,261.0
105,HE,7,3500,101.0,9.1,0.2,7.8,257.0
105,HE,7,3600,105.0,9.4,0.2,8.2,254.0
105,HE,7,3700,109.0,9.8,0.3,8.6,250.0
105,HE,7,3800,114.0,10.1,0.3,9.0,247.0
105,HE,7,3900,118.0,10.5,0.3,9.4,243.0
105,HE,7,4000,122.0,10.8,0.3,9.8,241.0
105,HE,7,4100,127.0,11.2,0.3,10.2,237.0
105,HE,7,4200,132.0,11.5,0.4,10.7,234.0
105,HE,7,4300,136.0,11.9,0.4,11.1,230.0
105,HE,7,4400,141.0,12.3,0.4,11.6,227.0
105,HE,7,4500,146.0,12.6,0.4,12.1,224.0
105,HE,7,4600,151.0,13.0,0.5,12.6,220.0
105,HE,7,4700,156.0,13.4,0.5,13.1,217.0
105,HEA,1,100,89.0,2.8,0.0,5.1,331.0
105,HEA,1,200,89.0,2.8,0.0,5.1,331.0
105,HEA,1,300,89.0,2.8,0.0,5.1,331.0
105,HEA,1,400,89.0,2.8,0.0,5.1,331.0
105,HEA,1,500,102.0,3.2,0.0,5.9,326.0
105,HEA,1,600,123.0,3.9,0.0,7.2,317.0
105,HEA,1,700,145.0,4.6,0.1,8.5,308.0
105,HEA,1,800,168.0,5.3,0.1,9.9,300.0
105,HEA,1,900,191.0,6.0,0.1,11.4,291.0
105,HEA,1,1000,215.0,6.7,0.1,12.9,283.0
105,HEA,1,1100,245.0,7.6,0.2,14.7,273.0
105,HEA,1,1300,340.0,10.0,0.3,20.6,248.0
105,HEA,1,1600,574.0,15.6,0.7,34.6,199.0
105,HEA,2,200,89.0,3.5,0.0,5.2,322.0
105,HEA,2,300,89.0,3.5,0.0,5.2,322.0
105,HEA,2,400,89.0,3.5,0.0,5.2,322.0
105,HEA,2,500,89.0,3.5,0.0,5.2,322.0
105,HEA,2,600,89.0,3.5,0.0,5.2,322.0
105,HEA,2,700,92.0,3.6,0.0,5.4,321.0
105,HEA,2,800,106.0,4.2,0.1,6.3,313.0
105,HEA,2,900,121.0,4.7,0.1,7.2,307.0
105,HEA,2,1000,135.0,5.3,0.1,8.1,300.0
105,HEA,2,1100,150.0,5.9,0.1,9.1,293.0
105,HEA,2,1200,165.0,6.5,0.1,10.1,286.0
105,HEA,2,1300,181.0,7.1,0.1,11.1,279.0
105,HEA,2,1400,197.0,7.7,0.2,12.1,272.0
105,HEA,2,1500,214.0,8.3,0.2,13.2,266.0
105,HEA,2,1600,385.0,12.7,0.5,23.2,223.0
105,HEA,2,1700,405.0,13.5,0.5,24.5,216.0
105,HEA,2,2200,470.0,16.2,0.8,29.4,194.0
105,HEA,2,2800,552.0,19.6,1.1,35.8,169.0
105,HEA,3,200,89.0,4.1,0.0,5.3,314.0
105,HEA,3,300,89.0,4.1,0.0,5.3,314.0
105,HEA,3,400,89.0,4.1,0.0,5.3,314.0
105,HEA,3,500,89.0,4.1,0.0,5.3,314.0
105,HEA,3,600,89.0,4.1,0.0,5.3,314.0
105,HEA,3,700,89.0,4.1,0.0,5.3,314.0
105,HEA,3,800,89.0,4.1,0.0,5.3,314.0
105,HEA,3,900,89.0,4.1,0.0,5.3,314.0
105,HEA,3,1000,100.0,4.6,0.1,6.0,308.0
105,HEA,3,1100,111.0,5.0,0.1,6.7,303.0
105,HEA,3,1200,122.0,5.5,0.1,7.4,297.0
105,HEA,3,1300,133.0,6.0,0.1,8.2,291.0
105,HEA,3,1400,145.0,6.5,0.1,8.9,286.0
105,HEA,3,1500,157.0,7.1,0.1,9.7,279.0
105,HEA,3,1600,169.0,7.6,0.2,10.5,273.0
105,HEA,3,1700,181.0,8.1,0.2,11.4,268.0
105,HEA,3,1800,194.0,8.7,0.2,12.2,262.0
105,HEA,3,1900,206.0,9.2,0.2,13.1,256.0
105,HEA,3,2400,372.0,14.8,0.6,23.5,205.0
105,HEA,3,3200,435.0,18.2,1.0,29.2,179.0
105,HEA,4,200,89.0,4.9,0.1,5.5,305.0
105,HEA,4,300,89.0,4.9,0.1,5.5,305.0
105,HEA,4,400,89.0,4.9,0.1,5.5,305.0
105,HEA,4,500,89.0,4.9,0.1,5.5,305.0
105,HEA,4,600,89.0,4.9,0.1,5.5,305.0
105,HEA,4,700,89.0,4.9,0.1,5.5,305.0
105,HEA,4,800,89.0,4.9,0.1,5.5,305.0
105,HEA,4,900,89.0,4.9,0.1,5.5,305.0
105,HEA,4,1000,89.0,4.9,0.1,5.5,305.0
105,HEA,4,1100,89.0,4.9,0.1,5.5,305.0
105,HEA,4,1200,89.0,4.9,0.1,5.5,305.0
105,HEA,4,1300,92.0,5.0,0.1,5.7,303.0
105,HEA,4,1400,100.0,5.4,0.1,6.2,299.0
105,HEA,4,1500,108.0,5.9,0.1,6.7,293.0
105,HEA,4,1600,116.0,6.3,0.1,7.3,288.0
105,HEA,4,1700,124.0,6.7,0.1,7.9,283.0
105,HEA,4,1800,133.0,7.2,0.1,8.5,278.0
105,HEA,4,1900,142.0,7.6,0.2,9.1,273.0
105,HEA,4,2000,150.0,8.1,0.2,9.7,268.0
105,HEA,4,2100,159.0,8.5,0.2,10.3,264.0
105,HEA,4,2200,169.0,9.0,0.2,11.0,258.0
105,HEA,4,2300,178.0,9.5,0.3,11.7,253.0
105,HEA,4,2400,187.0,9.9,0.3,12.4,249.0
105,HEA,4,2500,197.0,10.4,0.3,13.1,244.0
105,HEA,4,3000,280.0,14.0,0.6,18.7,212.0
105,HEA,4,4300,465.0,22.4,1.4,32.7,151.0
105,HEA,5,200,89.0,5.8,0.1,5.8,294.0
105,HEA,5,300,89.0,5.8,0.1,5.8,294.0
105,HEA,5,400,89.0,5.8,0.1,5.8,294.0
105,HEA,5,500,89.0,5.8,0.1,5.8,294.0
105,HEA,5,600,89.0,5.8,0.1,5.8,294.0
105,HEA,5,700,89.0,5.8,0.1,5.8,294.0
105,HEA,5,800,89.0,5.8,0.1,5.8,294.0
105,HEA,5,900,89.0,5.8,0.1,5.8,294.0
105,HEA,5,1000,89.0,5.8,0.1,5.8,294.0
105,HEA,5,1100,89.0,5.8,0.1,5.8,294.0
105,HEA,5,1200,89.0,5.8,0.1,5.8,294.0
105,HEA,5,1300,89.0,5.8,0.1,5.8,294.0
105,HEA,5,1400,89.0,5.8,0.1,5.8,294.0
105,HEA,5,1500,89.0,5.8,0.1,5.8,294.0
105,HEA,5,1600,89.0,5.8,0.1,5.8,294.0
105,HEA,5,1700,89.0,5.8,0.1,5.8,294.0
105,HEA,5,1800,92.0,6.0,0.1,6.0,291.0
105,HEA,5,1900,98.0,6.4,0.1,6.5,287.0
105,HEA,5,2000,105.0,6.7,0.1,6.9,283.0
105,HEA,5,2100,111.0,7.1,0.1,7.4,279.0
105,HEA,5,2200,117.0,7.5,0.2,7.9,274.0
105,HEA,5,2300,124.0,7.9,0.2,8.4,270.0
105,HEA,5,2400,130.0,8.3,0.2,8.9,266.0
105,HEA,5,2500,137.0,8.7,0.2,9.4,262.0
105,HEA,5,2600,144.0,9.1,0.2,9.9,257.0
105,HEA,5,2700,151.0,9.5,0.3,10.5,253.0
105,HEA,5,2800,158.0,10.0,0.3,11.0,248.0
105,HEA,5,2900,166.0,10.4,0.3,11.6,244.0
105,HEA,5,3000,173.0,10.8,0.3,12.2,241.0
105,HEA,5,3100,181.0,11.3,0.4,12.8,236.0
105,HEA,5,3200,188.0,11.7,0.4,13.4,232.0
105,HEA,5,3400,211.0,12.9,0.5,15.0,221.0
105,HEA,5,4200,291.0,17.1,0.8,21.3,187.0
105,HEA,6,200,89.0,6.7,0.1,6.1,283.0
105,HEA,6,300,89.0,6.7,0.1,6.1,283.0
105,HEA,6,400,89.0,6.7,0.1,6.1,283.0
105,HEA,6,500,89.0,6.7,0.1,6.1,283.0
105,HEA,6,600,89.0,6.7,0.1,6.1,283.0
105,HEA,6,700,89.0,6.7,0.1,6.1,283.0
105,HEA,6,800,89.0,6.7,0.1,6.1,283.0
105,HEA,6,900,89.0,6.7,0.1,6.1,283.0
105,HEA,6,1000,89.0,6.7,0.1,6.1,283.0
105,HEA,6,1100,89.0,6.7,0.1,6.1,283.0
105,HEA,6,1200,89.0,6.7,0.1,6.1,283.0
105,HEA,6,1300,89.0,6.7,0.1,6.1,283.0
105,HEA,6,1400,89.0,6.7,0.1,6.1,283.0
105,HEA,6,1500,89.0,6.7,0.1,6.1,283.0
105,HEA,6,1600,89.0,6.7,0.1,6.1,283.0
105,HEA,6,1700,89.0,6.7,0.1,6.1,283.0
105,HEA,6,1800,89.0,6.7,0.1,6.1,283.0
105,HEA,6,1900,89.0,6.7,0.1,6.1,283.0
105,HEA,6,2000,89.0,6.7,0.1,6.1,283.0
105,HEA,6,2100,89.0,6.7,0.1,6.1,283.0
105,HEA,6,2200,89.0,6.7,0.1,6.1,283.0
105,HEA,6,2300,90.0,6.8,0.1,6.2,282.0
105,HEA,6,2400,95.0,7.1,0.1,6.6,279.0
105,HEA,6,2500,100.0,7.5,0.2,7.0,274.0
105,HEA,6,2600,105.0,7.8,0.2,7.4,271.0
105,HEA,6,2700,111.0,8.2,0.2,7.9,267.0
105,HEA,6,2800,116.0,8.6,0.2,8.3,263.0
105,HEA,6,2900,121.0,8.9,0.2,8.8,260.0
105,HEA,6,3000,127.0,9.3,0.2,9.2,255.0
105,HEA,6,3100,132.0,9.7,0.3,9.7,251.0
105,HEA,6,3200,138.0,10.1,0.3,10.2,247.0
105,HEA,6,3300,144.0,10.5,0.3,10.7,243.0
105,HEA,6,3400,150.0,10.9,0.3,11.2,240.0
105,HEA,6,3500,156.0,11.3,0.3,11.7,236.0
105,HEA,6,3600,162.0,11.7,0.4,12.2,232.0
105,HEA,6,3700,169.0,12.1,0.4,12.8,228.0
105,HEA,6,3800,175.0,12.5,0.4,13.3,225.0
105,HEA,6,4100,288.0,17.6,0.9,20.4,183.0
105,HEA,6,4700,305.0,19.2,1.0,22.7,172.0
105,HEA,7,200,89.0,8.1,0.2,6.7,268.0
105,HEA,7,300,89.0,8.1,0.2,6.7,268.0
105,HEA,7,400,89.0,8.1,0.2,6.7,268.0
105,HEA,7,500,89.0,8.1,0.2,6.7,268.0
105,HEA,7,600,89.0,8.1,0.2,6.7,268.0
105,HEA,7,700,89.0,8.1,0.2,6.7,268.0
105,HEA,7,800,89.0,8.1,0.2,6.7,268.0
105,HEA,7,900,89.0,8.1,0.2,6.7,268.0
105,HEA,7,1000,89.0,8.1,0.2,6.7,268.0
105,HEA,7,1100,89.0,8.1,0.2,6.7,268.0
105,HEA,7,1200,89.0,8.1,0.2,6.7,268.0
105,HEA,7,1300,89.0,8.1,0.2,6.7,268.0
105,HEA,7,1400,89.0,8.1,0.2,6.7,268.0
105,HEA,7,1500,89.0,8.1,0.2,6.7,268.0
105,HEA,7,1600,89.0,8.1,0.2,6.7,268.0
105,HEA,7,1700,89.0,8.1,0.2,6.7,268.0
105,HEA,7,1800,89.0,8.1,0.2,6.7,268.0
105,HEA,7,1900,89.0,8.1,0.2,6.7,268.0
105,HEA,7,2000,89.0,8.1,0.2,6.7,268.0
105,HEA,7,2100,89.0,8.1,0.2,6.7,268.0
105,HEA,7,2200,89.0,8.1,0.2,6.7,268.0
105,HEA,7,2300,89.0,8.1,0.2,6.7,268.0
105,HEA,7,2400,89.0,8.1,0.2,6.7,268.0
105,HEA,7,2500,89.0,8.1,0.2,6.7,268.0
105,HEA,7,2600,89.0,8.1,0.2,6.7,268.0
105,HEA,7,2700,89.0,8.1,0.2,6.7,268.0
105,HEA,7,2800,89.0,8.1,0.2,6.7,268.0
105,HEA,7,2900,89.0,8.1,0.2,6.7,268.0
105,HEA,7,3000,89.0,8.1,0.2,6.7,268.0
105,HEA,7,3100,89.0,8.1,0.2,6.7,268.0
105,HEA,7,3200,90.0,8.1,0.2,6.7,268.0
105,HEA,7,3300,93.0,8.5,0.2,7.1,264.0
105,HEA,7,3400,97.0,8.8,0.2,7.4,261.0
105,HEA,7,3500,101.0,9.1,0.2,7.8,257.0
105,HEA,7,3600,105.0,9.4,0.2,8.2,254.0
105,HEA,7,3700,109.0,9.8,0.3,8.6,250.0
105,HEA,7,3800,114.0,10.1,0.3,9.0,247.0
105,HEA,7,3900,118.0,10.5,0.3,9.4,243.0
105,HEA,7,4000,122.0,10.8,0.3,9.8,241.0
105,HEA,7,4100,127.0,11.2,0.3,10.2,237.0
105,HEA,7,4200,132.0,11.5,0.4,10.7,234.0
105,HEA,7,4300,136.0,11.9,0.4,11.1,230.0
105,HEA,7,4400,141.0,12.3,0.4,11.6,227.0
105,HEA,7,4500,146.0,12.6,0.4,12.1,224.0
105,HEA,7,4600,151.0,13.0,0.5,12.6,220.0
105,HEA,7,4700,156.0,13.4,0.5,13.1,217.0
155,HEA,3G,3446,160.0,18.4,1.0,0.0,0.0
155,HEA,3G,3456,165.0,18.6,1.0,0.0,0.0
155,HEA,3G,3470,170.0,18.8,1.1,0.0,0.0
155,HEA,3G,3487,175.0,19.0,1.1,0.0,0.0
155,HEA,3G,3506,180.0,19.2,1.1,0.0,0.0
155,HEA,3G,3528,185.0,19.4,1.1,0.0,0.0
155,HEA,3G,3552,190.0,19.6,1.2,0.0,0.0
155,HEA,3G,3577,195.0,19.8,1.2,0.0,0.0
155,HEA,3G,3604,200.0,20.0,1.2,0.0,0.0
155,HEA,3G,3633,205.0,20.2,1.2,0.0,0.0
155,HEA,3G,3662,210.0,20.4,1.2,0.0,0.0
155,HEA,3G,3694,215.0,20.7,1.3,0.0,0.0
155,HEA,3G,3726,220.0,20.9,1.3,0.0,0.0
155,HEA,3G,3759,225.0,21.1,1.3,0.0,0.0
155,HEA,3G,3793,230.0,21.3,1.4,0.0,0.0
155,HEA,3G,3828,235.0,21.5,1.4,0.0,0.0
155,HEA,3G,3863,240.0,21.8,1.4,0.0,0.0
155,HEA,3G,3899,245.0,22.0,1.5,0.0,0.0
155,HEA,3W,3928,160.0,19.4,1.1,0.0,0.0
155,HEA,3G,3936,250.0,22.2,1.5,0.0,0.0
155,HEA,3W,3942,165.0,19.6,1.2,0.0,0.0
155,HEA,3W,3959,170.0,19.8,1.2,0.0,0.0
155,HEA,3G,3973,255.0,22.4,1.5,0.0,0.0
155,HEA,3W,3979,175.0,20.0,1.2,0.0,0.0
155,HEA,3W,4002,180.0,20.2,1.2,0.0,0.0
155,HEA,3G,4010,260.0,22.7,1.5,0.0,0.0
155,HEA,3W,4027,185.0,20.4,1.2,0.0,0.0
155,HEA,3G,4048,265.0,22.9,1.6,0.0,0.0
155,HEA,3W,4056,190.0,20.6,1.3,0.0,0.0
155,HEA,3W,4084,195.0,20.8,1.3,0.0,0.0
155,HEA,3G,4086,270.0,23.1,1.6,0.0,0.0
155,HEA,3W,4116,200.0,21.1,1.3,0.0,0.0
155,HEA,3G,4125,275.0,23.3,1.6,0.0,0.0
155,HEA,3W,4149,205.0,21.3,1.4,0.0,0.0
155,HEA,3G,4163,280.0,23.6,1.7,0.0,0.0
155,HEA,3W,4183,210.0,21.5,1.4,0.0,0.0
155,HEA,3G,4202,285.0,23.8,1.7,0.0,0.0
155,HEA,3W,4218,215.0,21.7,1.4,0.0,0.0
155,HEA,3G,4241,290.0,24.0,1.7,0.0,0.0
155,HEA,3W,4255,220.0,21.9,1.4,0.0,0.0
155,HEA,3G,4280,295.0,24.3,1.8,0.0,0.0
155,HEA,3W,4293,225.0,22.2,1.5,0.0,0.0
155,HEA,3G,4319,300.0,24.5,1.8,0.0,0.0
155,HEA,3W,4331,230.0,22.4,1.5,0.0,0.0
155,HEA,3G,4358,305.0,24.7,1.8,0.0,0.0
155,HEA,3W,4371,235.0,22.6,1.5,0.0,0.0
155,HEA,3G,4397,310.0,25.0,1.9,0.0,0.0
155,HEA,3W,4411,240.0,22.9,1.6,0.0,0.0
155,HEA,3G,4437,315.0,25.2,1.9,0.0,0.0
155,HEA,3W,4452,245.0,23.1,1.6,0.0,0.0
155,HEA,3G,4476,320.0,25.4,1.9,0.0,0.0
155,HEA,3W,4493,250.0,23.3,1.6,0.0,0.0
155,HEA,3G,4515,325.0,25.7,2.0,0.0,0.0
155,HEA,3W,4535,255.0,23.5,1.7,0.0,0.0
155,HEA,3G,4554,330.0,25.9,2.0,0.0,0.0
155,HEA,3W,4578,260.0,23.8,1.7,0.0,0.0
155,HEA,3G,4593,335.0,26.1,2.0,0.0,0.0
155,HEA,3W,4620,265.0,24.0,1.7,0.0,0.0
155,HEA,3G,4631,340.0,26.4,2.1,0.0,0.0
155,HEA,3W,4663,270.0,24.2,1.8,0.0,0.0
155,HEA,3G,4670,345.0,26.6,2.1,0.0,0.0
155,HEA,3W,4707,275.0,24.5,1.8,0.0,0.0
155,HEA,3G,4708,350.0,26.9,2.2,0.0,0.0
155,HEA,3G,4746,355.0,27.1,2.2,0.0,0.0
155,HEA,3W,4750,280.0,24.7,1.8,0.0,0.0
155,HEA,3G,4784,360.0,27.3,2.2,0.0,0.0
155,HEA,3W,4794,285.0,24.9,1.9,0.0,0.0
155,HEA,3G,4822,365.0,27.6,2.3,0.0,0.0
155,HEA,3W,4838,290.0,25.2,1.9,0.0,0.0
155,HEA,3G,4860,370.0,27.8,2.3,0.0,0.0
155,HEA,3W,4882,295.0,25.4,1.9,0.0,0.0
155,HEA,3G,4897,375.0,28.1,2.4,0.0,0.0
155,HEA,3W,4926,300.0,25.6,2.0,0.0,0.0
155,HEA,3G,4934,380.0,28.3,2.4,0.0,0.0
155,HEA,3W,4970,305.0,25.9,2.0,0.0,0.0
155,HEA,3G,4971,385.0,28.6,2.5,0.0,0.0
155,HEA,3G,5007,390.0,28.8,2.5,0.0,0.0
155,HEA,3W,5014,310.0,26.1,2.0,0.0,0.0
155,HEA,3G,5044,395.0,29.1,2.5,0.0,0.0
155,HEA,3W,5058,315.0,26.4,2.1,0.0,0.0
155,HEA,3G,5080,400.0,29.4,2.6,0.0,0.0
155,HEA,3W,5102,320.0,26.6,2.1,0.0,0.0
155,HEA,3G,5115,405.0,29.6,2.6,0.0,0.0
155,HEA,3W,5146,325.0,26.8,2.2,0.0,0.0
155,HEA,3G,5150,410.0,29.9,2.7,0.0,0.0
155,HEA,3G,5185,415.0,30.1,2.7,0.0,0.0
155,HEA,3W,5190,330.0,27.1,2.2,0.0,0.0
155,HEA,3G,5220,420.0,30.4,2.8,0.0,0.0
155,HEA,3W,5233,335.0,27.3,2.2,0.0,0.0
155,HEA,3G,5254,425.0,30.7,2.8,0.0,0.0
155,HEA,3W,5277,340.0,27.6,2.3,0.0,0.0
155,HEA,3G,5288,430.0,31.0,2.9,0.0,0.0
155,HEA,3W,5320,345.0,27.8,2.3,0.0,0.0
155,HEA,3G,5321,435.0,31.3,2.9,0.0,0.0
155,HEA,3G,5354,440.0,31.5,3.0,0.0,0.0
155,HEA,3W,5363,350.0,28.0,2.4,0.0,0.0
155,HEA,3G,5387,445.0,31.8,3.0,0.0,0.0
155,HEA,3W,5406,355.0,28.3,2.4,0.0,0.0
155,HEA,3G,5419,450.0,32.1,3.1,0.0,0.0
155,HEA,3W,5449,360.0,28.5,2.4,0.0,0.0
155,HEA,3G,5451,455.0,32.4,3.1,0.0,0.0
155,HEA,3G,5482,460.0,32.7,3.2,0.0,0.0
155,HEA,3W,5491,365.0,28.8,2.5,0.0,0.0
155,HEA,3G,5513,465.0,33.0,3.3,0.0,0.0
155,HEA,3W,5534,370.0,29.0,2.5,0.0,0.0
155,HEA,3G,5544,470.0,33.3,3.3,0.0,0.0
155,HEA,3G,5574,475.0,33.7,3.4,0.0,0.0
155,HEA,3W,5576,375.0,29.2,2.6,0.0,0.0
155,HEA,3G,5603,480.0,34.0,3.5,0.0,0.0
155,HEA,3W,5617,380.0,29.5,2.6,0.0,0.0
155,HEA,3G,5632,485.0,34.4,3.6,0.0,0.0
155,HEA,3W,5658,385.0,29.7,2.6,0.0,0.0
155,HEA,3G,5661,490.0,34.7,3.6,0.0,0.0
155,HEA,3G,5688,495.0,35.1,3.7,0.0,0.0
155,HEA,3W,5699,390.0,30.0,2.7,0.0,0.0
155,HEA,3G,5716,500.0,35.6,3.8,0.0,0.0
155,HEA,3G,5716,500.0,35.6,3.8,0.0,0.0
155,HEA,3W,5740,395.0,30.2,2.7,0.0,0.0
155,HEA,3G,5742,505.0,36.0,3.9,0.0,0.0
155,HEA,3G,5768,510.0,36.6,4.0,0.0,0.0
155,HEA,3W,5780,400.0,30.5,2.8,0.0,0.0
155,HEA,3G,5792,515.0,37.2,4.2,0.0,0.0
155,HEA,3G,5815,520.0,38.1,4.4,0.0,0.0
155,HEA,3W,5820,405.0,30.7,2.8,0.0,0.0
155,HEA,3W,5860,410.0,31.0,2.9,0.0,0.0
155,HEA,3W,5899,415.0,31.2,2.9,0.0,0.0
155,HEA,3W,5938,420.0,31.5,3.0,0.0,0.0
155,HEA,3W,5977,425.0,31.7,3.0,0.0,0.0
155,HEA,3W,6015,430.0,32.0,3.1,0.0,0.0
155,HEA,3W,6052,435.0,32.2,3.1,0.0,0.0
155,HEA,3W,6089,440.0,32.5,3.2,0.0,0.0
155,HEA,3W,6126,445.0,32.8,3.2,0.0,0.0
155,HEA,3W,6163,450.0,33.0,3.3,0.0,0.0
155,HEA,3W,6198,455.0,33.3,3.3,0.0,0.0
155,HEA,3W,6234,460.0,33.6,3.4,0.0,0.0
155,HEA,3W,6269,465.0,33.8,3.4,0.0,0.0
155,HEA,3W,6303,470.0,34.1,3.5,0.0,0.0
155,HEA,3W,6337,475.0,34.4,3.6,0.0,0.0
155,HEA,3W,6371,480.0,34.6,3.6,0.0,0.0
155,HEA,3W,6404,485.0,34.9,3.7,0.0,0.0
155,HEA,3W,6436,490.0,35.2,3.7,0.0,0.0
155,HEA,3W,6469,495.0,35.5,3.8,0.0,0.0
155,HEA,3W,6500,500.0,35.8,3.8,0.0,0.0
155,HEA,3W,6531,505.0,36.1,3.9,0.0,0.0
155,HEA,3W,6561,510.0,36.4,4.0,0.0,0.0
155,HEA,3W,6591,515.0,36.7,4.0,0.0,0.0
155,HEA,3W,6621,520.0,37.0,4.1,0.0,0.0
155,HEA,3W,6649,525.0,37.4,4.2,0.0,0.0
155,HEA,3W,6677,530.0,37.7,4.3,0.0,0.0
155,HEA,3W,6705,535.0,38.0,4.3,0.0,0.0
155,HEA,3W,6732,540.0,38.4,4.4,0.0,0.0
155,HEA,3W,6758,545.0,38.8,4.5,0.0,0.0
155,HEA,3W,6784,550.0,39.2,4.6,0.0,0.0
155,HEA,3W,6808,555.0,39.7,4.7,0.0,0.0
155,HEA,3W,6832,560.0,40.2,4.8,0.0,0.0
155,HEA,3W,6854,565.0,40.9,5.0,0.0,0.0
155,HEA,3W,6874,570.0,41.9,5.3,0.0,0.0
155,HEA,4G,4095,150.0,19.6,1.2,0.0,0.0
155,HEA,4G,4112,155.0,19.9,1.2,0.0,0.0
155,HEA,4G,4133,160.0,20.1,1.2,0.0,0.0
155,HEA,4G,4158,165.0,20.3,1.2,0.0,0.0
155,HEA,4G,4185,170.0,20.6,1.3,0.0,0.0
155,HEA,4G,4215,175.0,20.8,1.3,0.0,0.0
155,HEA,4G,4248,180.0,21.0,1.3,0.0,0.0
155,HEA,4G,4283,185.0,21.3,1.4,0.0,0.0
155,HEA,4G,4320,190.0,21.5,1.4,0.0,0.0
155,HEA,4G,4358,195.0,21.8,1.4,0.0,0.0
155,HEA,4G,4399,200.0,22.0,1.5,0.0,0.0
155,HEA,4G,4440,205.0,22.2,1.5,0.0,0.0
155,HEA,4G,4483,210.0,22.5,1.5,0.0,0.0
155,HEA,4W,4524,150.0,20.4,1.2,0.0,0.0
155,HEA,4G,4527,215.0,22.7,1.5,0.0,0.0
155,HEA,4W,4540,155.0,20.6,1.3,0.0,0.0
155,HEA,4W,4560,160.0,20.8,1.3,0.0,0.0
155,HEA,4G,4572,220.0,23.0,1.6,0.0,0.0
155,HEA,4W,4584,165.0,21.0,1.3,0.0,0.0
155,HEA,4W,4612,170.0,21.3,1.4,0.0,0.0
155,HEA,4G,4618,225.0,23.2,1.6,0.0,0.0
155,HEA,4W,4642,175.0,21.5,1.4,0.0,0.0
155,HEA,4G,4665,230.0,23.5,1.7,0.0,0.0
155,HEA,4W,4675,180.0,21.8,1.4,0.0,0.0
155,HEA,4W,4711,185.0,22.0,1.5,0.0,0.0
155,HEA,4G,4712,235.0,23.7,1.7,0.0,0.0
155,HEA,4W,4748,190.0,22.2,1.5,0.0,0.0
155,HEA,4G,4760,240.0,24.0,1.7,0.0,0.0
155,HEA,4W,4788,195.0,22.5,1.5,0.0,0.0
155,HEA,4G,4809,245.0,24.3,1.8,0.0,0.0
155,HEA,4W,4829,200.0,22.7,1.5,0.0,0.0
155,HEA,4G,4858,250.0,24.5,1.8,0.0,0.0
155,HEA,4W,4872,205.0,23.0,1.6,0.0,0.0
155,HEA,4G,4907,255.0,24.8,1.8,0.0,0.0
155,HEA,4W,4916,210.0,23.2,1.6,0.0,0.0
155,HEA,4G,4957,260.0,25.0,1.9,0.0,0.0
155,HEA,4W,4962,215.0,23.4,1.6,0.0,0.0
155,HEA,4G,5007,265.0,25.3,1.9,0.0,0.0
155,HEA,4W,5008,220.0,23.7,1.7,0.0,0.0
155,HEA,4W,5056,225.0,23.9,1.7,0.0,0.0
155,HEA,4G,5057,270.0,25.5,2.0,0.0,0.0
155,HEA,4W,5104,230.0,24.2,1.8,0.0,0.0
155,HEA,4G,5108,275.0,25.8,2.0,0.0,0.0
155,HEA,4W,5154,235.0,24.4,1.8,0.0,0.0
155,HEA,4G,5158,280.0,26.1,2.0,0.0,0.0
155,HEA,4W,5204,240.0,24.7,1.8,0.0,0.0
155,HEA,4G,5209,285.0,26.3,2.1,0.0,0.0
155,HEA,4W,5254,245.0,24.9,1.9,0.0,0.0
155,HEA,4G,5260,290.0,26.6,2.1,0.0,0.0
155,HEA,4W,5306,250.0,25.2,1.9,0.0,0.0
155,HEA,4G,5310,295.0,26.8,2.2,0.0,0.0
155,HEA,4W,5357,255.0,25.4,1.9,0.0,0.0
155,HEA,4G,5361,300.0,27.1,2.2,0.0,0.0
155,HEA,4W,5409,260.0,25.7,2.0,0.0,0.0
155,HEA,4G,5412,305.0,27.4,2.3,0.0,0.0
155,HEA,4G,5462,310.0,27.6,2.3,0.0,0.0
155,HEA,4W,5462,265.0,25.9,2.0,0.0,0.0
155,HEA,4G,5513,315.0,27.9,2.3,0.0,0.0
155,HEA,4W,5514,270.0,26.2,2.1,0.0,0.0
155,HEA,4G,5563,320.0,28.2,2.4,0.0,0.0
155,HEA,4W,5567,275.0,26.5,2.1,0.0,0.0
155,HEA,4G,5613,325.0,28.4,2.4,0.0,0.0
155,HEA,4W,5620,280.0,26.7,2.1,0.0,0.0
155,HEA,4G,5663,330.0,28.7,2.5,0.0,0.0
155,HEA,4W,5673,285.0,27.0,2.2,0.0,0.0
155,HEA,4G,5713,335.0,29.0,2.5,0.0,0.0
155,HEA,4W,5727,290.0,27.2,2.2,0.0,0.0
155,HEA,4G,5762,340.0,29.3,2.6,0.0,0.0
155,HEA,4W,5780,295.0,27.5,2.3,0.0,0.0
155,HEA,4G,5811,345.0,29.5,2.6,0.0,0.0
155,HEA,4W,5833,300.0,27.7,2.3,0.0,0.0
155,HEA,4G,5860,350.0,29.8,2.7,0.0,0.0
155,HEA,4W,5887,305.0,28.0,2.4,0.0,0.0
155,HEA,4G,5909,355.0,30.1,2.7,0.0,0.0
155,HEA,4W,5940,310.0,28.2,2.4,0.0,0.0
155,HEA,4G,5958,360.0,30.4,2.8,0.0,0.0
155,HEA,4W,5993,315.0,28.5,2.4,0.0,0.0
155,HEA,4G,6006,365.0,30.6,2.8,0.0,0.0
155,HEA,4W,6046,320.0,28.8,2.5,0.0,0.0
155,HEA,4G,6053,370.0,30.9,2.9,0.0,0.0
155,HEA,4W,6099,325.0,29.0,2.5,0.0,0.0
155,HEA,4G,6101,375.0,31.2,2.9,0.0,0.0
155,HEA,4G,6148,380.0,31.5,3.0,0.0,0.0
155,HEA,4W,6152,330.0,29.3,2.6,0.0,0.0
155,HEA,4G,6195,385.0,31.8,3.0,0.0,0.0
155,HEA,4W,6205,335.0,29.5,2.6,0.0,0.0
155,HEA,4G,6241,390.0,32.1,3.1,0.0,0.0
155,HEA,4W,6257,340.0,29.8,2.7,0.0,0.0
155,HEA,4G,6287,395.0,32.3,3.1,0.0,0.0
155,HEA,4W,6309,345.0,30.1,2.7,0.0,0.0
155,HEA,4G,6332,400.0,32.6,3.2,0.0,0.0
155,HEA,4W,6361,350.0,30.3,2.8,0.0,0.0
155,HEA,4G,6377,405.0,32.9,3.2,0.0,0.0
155,HEA,4W,6413,355.0,30.6,2.8,0.0,0.0
155,HEA,4G,6422,410.0,33.2,3.3,0.0,0.0
155,HEA,4W,6464,360.0,30.8,2.8,0.0,0.0
155,HEA,4G,6466,415.0,33.5,3.4,0.0,0.0
155,HEA,4G,6510,420.0,33.8,3.4,0.0,0.0
155,HEA,4W,6515,365.0,31.1,2.9,0.0,0.0
155,HEA,4G,6553,425.0,34.1,3.5,0.0,0.0
155,HEA,4W,6566,370.0,31.4,3.0,0.0,0.0
155,HEA,4G,6595,430.0,34.5,3.6,0.0,0.0
155,HEA,4W,6616,375.0,31.6,3.0,0.0,0.0
155,HEA,4G,6638,435.0,34.8,3.6,0.0,0.0
155,HEA,4W,6666,380.0,31.9,3.1,0.0,0.0
155,HEA,4G,6679,440.0,35.1,3.7,0.0,0.0
155,HEA,4W,6716,385.0,32.2,3.1,0.0,0.0
155,HEA,4G,6720,445.0,35.4,3.8,0.0,0.0
155,HEA,4G,6761,450.0,35.7,3.8,0.0,0.0
155,HEA,4W,6765,390.0,32.4,3.1,0.0,0.0
155,HEA,4G,6801,455.0,36.1,3.9,0.0,0.0
155,HEA,4W,6814,395.0,32.7,3.2,0.0,0.0
155,HEA,4G,6841,460.0,36.4,4.0,0.0,0.0
155,HEA,4W,6862,400.0,33.0,3.3,0.0,0.0
155,HEA,4G,6880,465.0,36.8,4.1,0.0,0.0
155,HEA,4W,6910,405.0,33.2,3.3,0.0,0.0
155,HEA,4G,6918,470.0,37.1,4.1,0.0,0.0
155,HEA,4G,6956,475.0,37.5,4.2,0.0,0.0
155,HEA,4W,6958,410.0,33.5,3.4,0.0,0.0
155,HEA,4G,6993,480.0,37.9,4.3,0.0,0.0
155,HEA,4W,7005,415.0,33.8,3.4,0.0,0.0
155,HEA,4G,7030,485.0,38.3,4.4,0.0,0.0
155,HEA,4W,7052,420.0,34.0,3.5,0.0,0.0
155,HEA,4G,7065,490.0,38.7,4.5,0.0,0.0
155,HEA,4W,7098,425.0,34.3,3.5,0.0,0.0
155,HEA,4G,7101,495.0,39.2,4.6,0.0,0.0
155,HEA,4G,7135,500.0,39.7,4.7,0.0,0.0
155,HEA,4W,7144,430.0,34.6,3.6,0.0,0.0
155,HEA,4G,7168,505.0,40.2,4.8,0.0,0.0
155,HEA,4W,7189,435.0,34.9,3.7,0.0,0.0
155,HEA,4G,7201,510.0,40.8,5.0,0.0,0.0
155,HEA,4G,7232,515.0,41.4,5.1,0.0,0.0
155,HEA,4W,7234,440.0,35.1,3.7,0.0,0.0
155,HEA,4G,7262,520.0,42.4,5.4,0.0,0.0
155,HEA,4W,7278,445.0,35.4,3.8,0.0,0.0
155,HEA,4W,7322,450.0,35.7,3.8,0.0,0.0
155,HEA,4W,7365,455.0,36.0,3.9,0.0,0.0
155,HEA,4W,7408,460.0,36.3,4.0,0.0,0.0
155,HEA,4W,7450,465.0,36.5,4.0,0.0,0.0
155,HEA,4W,7491,470.0,36.8,4.1,0.0,0.0
155,HEA,4W,7532,475.0,37.1,4.1,0.0,0.0
155,HEA,4W,7573,480.0,37.4,4.2,0.0,0.0
155,HEA,4W,7613,485.0,37.7,4.3,0.0,0.0
155,HEA,4W,7652,490.0,38.0,4.3,0.0,0.0
155,HEA,4W,7690,495.0,38.3,4.4,0.0,0.0
155,HEA,4W,7728,500.0,38.6,4.5,0.0,0.0
155,HEA,4W,7766,505.0,38.9,4.5,0.0,0.0
155,HEA,4W,7803,510.0,39.2,4.6,0.0,0.0
155,HEA,4W,7839,515.0,39.6,4.7,0.0,0.0
155,HEA,4W,7875,520.0,39.9,4.8,0.0,0.0
155,HEA,4W,7910,525.0,40.2,4.8,0.0,0.0
155,HEA,4W,7944,530.0,40.6,4.9,0.0,0.0
155,HEA,4W,7978,535.0,40.9,5.0,0.0,0.0
155,HEA,4W,8011,540.0,41.3,5.1,0.0,0.0
155,HEA,4W,8043,545.0,41.6,5.2,0.0,0.0
155,HEA,4W,8075,550.0,42.0,5.3,0.0,0.0
155,HEA,4W,8106,555.0,42.4,5.4,0.0,0.0
155,HEA,4W,8135,560.0,42.9,5.5,0.0,0.0
155,HEA,4W,8164,565.0,43.4,5.7,0.0,0.0
155,HEA,4W,8191,570.0,44.0,5.8,0.0,0.0
155,HEA,4W,8217,575.0,44.9,6.0,0.0,0.0
155,HEA,5G,4944,140.0,21.4,1.3,0.0,0.0
155,HEA,5G,4960,145.0,21.7,1.4,0.0,0.0
155,HEA,5G,4981,150.0,21.9,1.4,0.0,0.0
155,HEA,5G,5007,155.0,22.1,1.4,0.0,0.0
155,HEA,5G,5036,160.0,22.3,1.4,0.0,0.0
155,HEA,5G,5069,165.0,22.6,1.5,0.0,0.0
155,HEA,5G,5105,170.0,22.9,1.5,0.0,0.0
155,HEA,5G,5143,175.0,23.1,1.5,0.0,0.0
155,HEA,5G,5184,180.0,23.4,1.6,0.0,0.0
155,HEA,5W,5191,140.0,21.8,1.4,0.0,0.0
155,HEA,5W,5213,145.0,22.0,1.4,0.0,0.0
155,HEA,5G,5227,185.0,23.7,1.6,0.0,0.0
155,HEA,5W,5239,150.0,22.3,1.4,0.0,0.0
155,HEA,5W,5270,155.0,22.5,1.5,0.0,0.0
155,HEA,5G,5273,190.0,23.9,1.7,0.0,0.0
155,HEA,5W,5304,160.0,22.8,1.5,0.0,0.0
155,HEA,5G,5320,195.0,24.2,1.7,0.0,0.0
155,HEA,5W,5341,165.0,23.1,1.5,0.0,0.0
155,HEA,5G,5368,200.0,24.4,1.7,0.0,0.0
155,HEA,5W,5381,170.0,23.3,1.6,0.0,0.0
155,HEA,5G,5418,205.0,24.7,1.8,0.0,0.0
155,HEA,5W,5424,175.0,23.6,1.6,0.0,0.0
155,HEA,5G,5469,210.0,25.0,1.8,0.0,0.0
155,HEA,5W,5469,180.0,23.8,1.6,0.0,0.0
155,HEA,5W,5516,185.0,24.1,1.7,0.0,0.0
155,HEA,5G,5522,215.0,25.2,1.8,0.0,0.0
155,HEA,5W,5565,190.0,24.4,1.7,0.0,0.0
155,HEA,5G,5575,220.0,25.5,1.9,0.0,0.0
155,HEA,5W,5615,195.0,24.6,1.8,0.0,0.0
155,HEA,5G,5630,225.0,25.8,1.9,0.0,0.0
155,HEA,5W,5667,200.0,24.9,1.8,0.0,0.0
155,HEA,5G,5685,230.0,26.0,2.0,0.0,0.0
155,HEA,5W,5721,205.0,25.1,1.8,0.0,0.0
155,HEA,5G,5741,235.0,26.3,2.0,0.0,0.0
155,HEA,5W,5775,210.0,25.4,1.9,0.0,0.0
155,HEA,5G,5798,240.0,26.6,2.1,0.0,0.0
155,HEA,5W,5831,215.0,25.7,1.9,0.0,0.0
155,HEA,5G,5855,245.0,26.8,2.1,0.0,0.0
155,HEA,5W,5887,220.0,25.9,1.9,0.0,0.0
155,HEA,5G,5912,250.0,27.1,2.1,0.0,0.0
155,HEA,5W,5945,225.0,26.2,2.0,0.0,0.0
155,HEA,5G,5970,255.0,27.4,2.2,0.0,0.0
155,HEA,5W,6003,230.0,26.5,2.0,0.0,0.0
155,HEA,5G,6029,260.0,27.6,2.2,0.0,0.0
155,HEA,5W,6062,235.0,26.7,2.1,0.0,0.0
155,HEA,5G,6088,265.0,27.9,2.3,0.0,0.0
155,HEA,5W,6121,240.0,27.0,2.1,0.0,0.0
155,HEA,5G,6146,270.0,28.2,2.3,0.0,0.0
155,HEA,5W,6181,245.0,27.3,2.2,0.0,0.0
155,HEA,5G,6206,275.0,28.5,2.4,0.0,0.0
155,HEA,5W,6241,250.0,27.5,2.2,0.0,0.0
155,HEA,5G,6265,280.0,28.7,2.4,0.0,0.0
155,HEA,5W,6302,255.0,27.8,2.2,0.0,0.0
155,HEA,5G,6324,285.0,29.0,2.4,0.0,0.0
155,HEA,5W,6363,260.0,28.1,2.3,0.0,0.0
155,HEA,5G,6384,290.0,29.3,2.5,0.0,0.0
155,HEA,5W,6425,265.0,28.4,2.3,0.0,0.0
155,HEA,5G,6443,295.0,29.6,2.5,0.0,0.0
155,HEA,5W,6486,270.0,28.6,2.4,0.0,0.0
155,HEA,5G,6503,300.0,29.8,2.6,0.0,0.0
155,HEA,5W,6548,275.0,28.9,2.4,0.0,0.0
155,HEA,5G,6562,305.0,30.1,2.6,0.0,0.0
155,HEA,5W,6610,280.0,29.2,2.5,0.0,0.0
155,HEA,5G,6622,310.0,30.4,2.7,0.0,0.0
155,HEA,5W,6671,285.0,29.4,2.5,0.0,0.0
155,HEA,5G,6681,315.0,30.7,2.7,0.0,0.0
155,HEA,5W,6733,290.0,29.7,2.6,0.0,0.0
155,HEA,5G,6740,320.0,30.9,2.8,0.0,0.0
155,HEA,5W,6795,295.0,30.0,2.6,0.0,0.0
155,HEA,5G,6799,325.0,31.2,2.8,0.0,0.0
155,HEA,5W,6857,300.0,30.3,2.7,0.0,0.0
155,HEA,5G,6858,330.0,31.5,2.9,0.0,0.0
155,HEA,5G,6917,335.0,31.8,2.9,0.0,0.0
155,HEA,5W,6919,305.0,30.5,2.7,0.0,0.0
155,HEA,5G,6975,340.0,32.1,3.0,0.0,0.0
155,HEA,5W,6981,310.0,30.8,2.8,0.0,0.0
155,HEA,5G,7033,345.0,32.3,3.0,0.0,0.0
155,HEA,5W,7042,315.0,31.1,2.8,0.0,0.0
155,HEA,5G,7091,350.0,32.6,3.1,0.0,0.0
155,HEA,5W,7104,320.0,31.4,2.9,0.0,0.0
155,HEA,5G,7148,355.0,32.9,3.1,0.0,0.0
155,HEA,5W,7165,325.0,31.6,2.9,0.0,0.0
155,HEA,5G,7206,360.0,33.2,3.2,0.0,0.0
155,HEA,5W,7226,330.0,31.9,3.0,0.0,0.0
155,HEA,5G,7262,365.0,33.5,3.3,0.0,0.0
155,HEA,5W,7287,335.0,32.2,3.0,0.0,0.0
155,HEA,5G,7319,370.0,33.8,3.3,0.0,0.0
155,HEA,5W,7348,340.0,32.5,3.1,0.0,0.0
155,HEA,5G,7375,375.0,34.1,3.4,0.0,0.0
155,HEA,5W,7408,345.0,32.8,3.1,0.0,0.0
155,HEA,5G,7431,380.0,34.3,3.4,0.0,0.0
155,HEA,5W,7468,350.0,33.0,3.2,0.0,0.0
155,HEA,5G,7486,385.0,34.6,3.5,0.0,0.0
155,HEA,5W,7528,355.0,33.3,3.2,0.0,0.0
155,HEA,5G,7541,390.0,34.9,3.5,0.0,0.0
155,HEA,5W,7588,360.0,33.6,3.3,0.0,0.0
155,HEA,5G,7595,395.0,35.2,3.6,0.0,0.0
155,HEA,5W,7647,365.0,33.9,3.3,0.0,0.0
155,HEA,5G,7649,400.0,35.5,3.7,0.0,0.0
155,HEA,5G,7703,405.0,35.8,3.7,0.0,0.0
155,HEA,5W,7705,370.0,34.2,3.4,0.0,0.0
155,HEA,5G,7756,410.0,36.1,3.8,0.0,0.0
155,HEA,5W,7764,375.0,34.4,3.4,0.0,0.0
155,HEA,5G,7809,415.0,36.4,3.8,0.0,0.0
155,HEA,5W,7822,380.0,34.7,3.5,0.0,0.0
155,HEA,5G,7861,420.0,36.7,3.9,0.0,0.0
155,HEA,5W,7880,385.0,35.0,3.6,0.0,0.0
155,HEA,5G,7912,425.0,37.0,4.0,0.0,0.0
155,HEA,5W,7937,390.0,35.3,3.6,0.0,0.0
155,HEA,5G,7963,430.0,37.3,4.0,0.0,0.0
155,HEA,5W,7993,395.0,35.6,3.7,0.0,0.0
155,HEA,5G,8014,435.0,37.6,4.1,0.0,0.0
155,HEA,5W,8050,400.0,35.8,3.7,0.0,0.0
155,HEA,5G,8064,440.0,37.9,4.2,0.0,0.0
155,HEA,5W,8105,405.0,36.1,3.8,0.0,0.0
155,HEA,5G,8114,445.0,38.2,4.2,0.0,0.0
155,HEA,5W,8161,410.0,36.4,3.8,0.0,0.0
155,HEA,5G,8163,450.0,38.5,4.3,0.0,0.0
155,HEA,5G,8211,455.0,38.8,4.4,0.0,0.0
155,HEA,5W,8215,415.0,36.7,3.9,0.0,0.0
155,HEA,5G,8259,460.0,39.2,4.5,0.0,0.0
155,HEA,5W,8269,420.0,37.0,4.0,0.0,0.0
155,HEA,5G,8306,465.0,39.5,4.5,0.0,0.0
155,HEA,5W,8323,425.0,37.3,4.0,0.0,0.0
155,HEA,5G,8353,470.0,39.8,4.6,0.0,0.0
155,HEA,5W,8376,430.0,37.6,4.1,0.0,0.0
155,HEA,5G,8399,475.0,40.1,4.7,0.0,0.0
155,HEA,5W,8429,435.0,37.9,4.2,0.0,0.0
155,HEA,5G,8444,480.0,40.5,4.8,0.0,0.0
155,HEA,5W,8481,440.0,38.1,4.2,0.0,0.0
155,HEA,5G,8489,485.0,40.8,4.8,0.0,0.0
155,HEA,5G,8533,490.0,41.1,4.9,0.0,0.0
155,HEA,5W,8533,445.0,38.4,4.3,0.0,0.0
155,HEA,5G,8577,495.0,41.5,5.0,0.0,0.0
155,HEA,5W,8584,450.0,38.7,4.3,0.0,0.0
155,HEA,5G,8619,500.0,41.8,5.1,0.0,0.0
155,HEA,5W,8634,455.0,39.0,4.4,0.0,0.0
155,HEA,5G,8662,505.0,42.2,5.2,0.0,0.0
155,HEA,5W,8684,460.0,39.3,4.5,0.0,0.0
155,HEA,5G,8703,510.0,42.6,5.3,0.0,0.0
155,HEA,5W,8734,465.0,39.6,4.5,0.0,0.0
155,HEA,5G,8744,515.0,42.9,5.3,0.0,0.0
155,HEA,5W,8782,470.0,39.9,4.6,0.0,0.0
155,HEA,5G,8784,520.0,43.3,5.4,0.0,0.0
155,HEA,5G,8823,525.0,43.7,5.5,0.0,0.0
155,HEA,5W,8830,475.0,40.2,4.7,0.0,0.0
155,HEA,5G,8862,530.0,44.1,5.6,0.0,0.0
155,HEA,5W,8878,480.0,40.5,4.8,0.0,0.0
155,HEA,5G,8900,535.0,44.6,5.8,0.0,0.0
155,HEA,5W,8925,485.0,40.8,4.8,0.0,0.0
155,HEA,5G,8937,540.0,45.0,5.9,0.0,0.0
155,HEA,5W,8971,490.0,41.1,4.9,0.0,0.0
155,HEA,5G,8973,545.0,45.5,6.0,0.0,0.0
155,HEA,5G,9008,550.0,46.0,6.1,0.0,0.0
155,HEA,5W,9017,495.0,41.4,5.0,0.0,0.0
155,HEA,5G,9042,555.0,46.6,6.3,0.0,0.0
155,HEA,5W,9062,500.0,41.7,5.0,0.0,0.0
155,HEA,5G,9075,560.0,47.3,6.5,0.0,0.0
155,HEA,5G,9106,565.0,48.1,6.7,0.0,0.0
155,HEA,5W,9106,505.0,42.1,5.1,0.0,0.0
155,HEA,5G,9133,570.0,49.4,7.1,0.0,0.0
155,HEA,5W,9150,510.0,42.4,5.2,0.0,0.0
155,HEA,5W,9193,515.0,42.7,5.3,0.0,0.0
155,HEA,5W,9235,520.0,43.0,5.4,0.0,0.0
155,HEA,5W,9277,525.0,43.3,5.4,0.0,0.0
155,HEA,5W,9317,530.0,43.7,5.5,0.0,0.0
155,HEA,5W,9358,535.0,44.0,5.6,0.0,0.0
155,HEA,5W,9397,540.0,44.4,5.7,0.0,0.0
155,HEA,5W,9436,545.0,44.7,5.8,0.0,0.0
155,HEA,5W,9474,550.0,45.1,5.9,0.0,0.0
155,HEA,5W,9511,555.0,45.4,6.0,0.0,0.0
155,HEA,5W,9548,560.0,45.8,6.1,0.0,0.0
155,HEA,5W,9583,565.0,46.2,6.2,0.0,0.0
155,HEA,5W,9618,570.0,46.6,6.3,0.0,0.0
155,HEA,5W,9652,575.0,47.0,6.4,0.0,0.0
155,HEA,5W,9685,580.0,47.4,6.5,0.0,0.0
155,HEA,5W,9718,585.0,47.9,6.7,0.0,0.0
155,HEA,5W,9749,590.0,48.4,6.8,0.0,0.0
155,HEA,5W,9779,595.0,48.9,6.9,0.0,0.0
155,HEA,5W,9808,600.0,49.5,7.1,0.0,0.0
155,HEA,5W,9836,605.0,50.3,7.3,0.0,0.0
155,HEA,5W,9859,610.0,51.6,7.7,0.0,0.0
155,HEA,6W,5971,115.0,22.8,1.5,0.0,0.0
155,HEA,6W,5993,120.0,23.1,1.5,0.0,0.0
155,HEA,6W,6022,125.0,23.4,1.5,0.0,0.0
155,HEA,6W,6056,130.0,23.7,1.6,0.0,0.0
155,HEA,6W,6095,135.0,24.0,1.6,0.0,0.0
155,HEA,6W,6139,140.0,24.3,1.7,0.0,0.0
155,HEA,6W,6186,145.0,24.6,1.7,0.0,0.0
155,HEA,6W,6236,150.0,24.9,1.7,0.0,0.0
155,HEA,6W,6289,155.0,25.2,1.8,0.0,0.0
155,HEA,6W,6345,160.0,25.5,1.8,0.0,0.0
155,HEA,6W,6402,165.0,25.8,1.9,0.0,0.0
155,HEA,6W,6462,170.0,26.0,1.9,0.0,0.0
155,HEA,6W,6523,175.0,26.3,1.9,0.0,0.0
155,HEA,6W,6586,180.0,26.6,2.0,0.0,0.0
155,HEA,6W,6651,185.0,26.9,2.0,0.0,0.0
155,HEA,6W,6716,190.0,27.2,2.1,0.0,0.0
155,HEA,6W,6782,195.0,27.5,2.1,0.0,0.0
155,HEA,6W,6850,200.0,27.8,2.2,0.0,0.0
155,HEA,6W,6918,205.0,28.1,2.2,0.0,0.0
155,HEA,6W,6987,210.0,28.4,2.3,0.0,0.0
155,HEA,6W,7056,215.0,28.7,2.3,0.0,0.0
155,HEA,6W,7126,220.0,29.0,2.4,0.0,0.0
155,HEA,6W,7197,225.0,29.3,2.4,0.0,0.0
155,HEA,6W,7267,230.0,29.6,2.5,0.0,0.0
155,HEA,6W,7338,235.0,29.9,2.5,0.0,0.0
155,HEA,6W,7410,240.0,30.2,2.6,0.0,0.0
155,HEA,6W,7481,245.0,30.5,2.6,0.0,0.0
155,HEA,6W,7553,250.0,30.8,2.7,0.0,0.0
155,HEA,6W,7625,255.0,31.0,2.7,0.0,0.0
155,HEA,6W,7696,260.0,31.3,2.7,0.0,0.0
155,HEA,6W,7768,265.0,31.6,2.8,0.0,0.0
155,HEA,6W,7840,270.0,31.9,2.8,0.0,0.0
155,HEA,6W,7912,275.0,32.2,2.9,0.0,0.0
155,HEA,6W,7984,280.0,32.5,3.0,0.0,0.0
155,HEA,6W,8055,285.0,32.8,3.0,0.0,0.0
155,HEA,6W,8127,290.0,33.1,3.1,0.0,0.0
155,HEA,6W,8198,295.0,33.4,3.1,0.0,0.0
155,HEA,6W,8269,300.0,33.7,3.2,0.0,0.0
155,HEA,6W,8340,305.0,34.0,3.2,0.0,0.0
155,HEA,6W,8411,310.0,34.3,3.3,0.0,0.0
155,HEA,6W,8481,315.0,34.6,3.4,0.0,0.0
155,HEA,6W,8551,320.0,34.9,3.4,0.0,0.0
155,HEA,6W,8621,325.0,35.2,3.5,0.0,0.0
155,HEA,6W,8691,330.0,35.5,3.5,0.0,0.0
155,HEA,6W,8760,335.0,35.8,3.6,0.0,0.0
155,HEA,6W,8829,340.0,36.1,3.6,0.0,0.0
155,HEA,6W,8897,345.0,36.4,3.7,0.0,0.0
155,HEA,6W,8965,350.0,36.7,3.8,0.0,0.0
155,HEA,6W,9033,355.0,37.0,3.8,0.0,0.0
155,HEA,6W,9100,360.0,37.3,3.9,0.0,0.0
155,HEA,6W,9167,365.0,37.6,4.0,0.0,0.0
155,HEA,6W,9233,370.0,37.9,4.0,0.0,0.0
155,HEA,6W,9299,375.0,38.2,4.1,0.0,0.0
155,HEA,6W,9364,380.0,38.5,4.2,0.0,0.0
155,HEA,6W,9429,385.0,38.8,4.2,0.0,0.0
155,HEA,6W,9494,390.0,39.1,4.3,0.0,0.0
155,HEA,6W,9558,395.0,39.4,4.3,0.0,0.0
155,HEA,6W,9622,400.0,39.7,4.4,0.0,0.0
155,HEA,6W,9685,405.0,40.0,4.5,0.0,0.0
155,HEA,6W,9747,410.0,40.3,4.5,0.0,0.0
155,HEA,6W,9809,415.0,40.6,4.6,0.0,0.0
155,HEA,6W,9871,420.0,40.9,4.7,0.0,0.0
155,HEA,6W,9931,425.0,41.2,4.8,0.0,0.0
155,HEA,6W,9992,430.0,41.5,4.8,0.0,0.0
155,HEA,6W,10051,435.0,41.8,4.9,0.0,0.0
155,HEA,6W,10111,440.0,42.1,5.0,0.0,0.0
155,HEA,6W,10169,445.0,42.4,5.0,0.0,0.0
155,HEA,6W,10227,450.0,42.7,5.1,0.0,0.0
155,HEA,6W,10284,455.0,43.0,5.2,0.0,0.0
155,HEA,6W,10341,460.0,43.4,5.3,0.0,0.0
155,HEA,6W,10397,465.0,43.7,5.3,0.0,0.0
155,HEA,6W,10453,470.0,44.0,5.4,0.0,0.0
155,HEA,6W,10508,475.0,44.3,5.5,0.0,0.0
155,HEA,6W,10562,480.0,44.6,5.6,0.0,0.0
155,HEA,6W,10615,485.0,44.9,5.6,0.0,0.0
155,HEA,6W,10668,490.0,45.3,5.7,0.0,0.0
155,HEA,6W,10720,495.0,45.6,5.8,0.0,0.0
155,HEA,6W,10771,500.0,45.9,5.9,0.0,0.0
155,HEA,6W,10821,505.0,46.2,6.0,0.0,0.0
155,HEA,6W,10871,510.0,46.5,6.1,0.0,0.0
155,HEA,6W,10920,515.0,46.9,6.2,0.0,0.0
155,HEA,6W,10968,520.0,47.2,6.2,0.0,0.0
155,HEA,6W,11016,525.0,47.5,6.3,0.0,0.0
155,HEA,6W,11063,530.0,47.9,6.4,0.0,0.0
155,HEA,6W,11109,535.0,48.2,6.5,0.0,0.0
155,HEA,6W,11154,540.0,48.6,6.6,0.0,0.0
155,HEA,6W,11198,545.0,48.9,6.7,0.0,0.0
155,HEA,6W,11242,550.0,49.3,6.8,0.0,0.0
155,HEA,6W,11285,555.0,49.6,6.9,0.0,0.0
155,HEA,6W,11327,560.0,50.0,7.0,0.0,0.0
155,HEA,6W,11368,565.0,50.4,7.1,0.0,0.0
155,HEA,6W,11409,570.0,50.7,7.2,0.0,0.0
155,HEA,6W,11449,575.0,51.1,7.3,0.0,0.0
155,HEA,6W,11487,580.0,51.5,7.4,0.0,0.0
155,HEA,6W,11525,585.0,51.9,7.5,0.0,0.0
155,HEA,6W,11562,590.0,52.4,7.7,0.0,0.0
155,HEA,6W,11598,595.0,52.8,7.8,0.0,0.0
155,HEA,6W,11634,600.0,53.3,8.0,0.0,0.0
155,HEA,6W,11668,605.0,53.8,8.1,0.0,0.0
155,HEA,6W,11701,610.0,54.3,8.3,0.0,0.0
155,HEA,6W,11733,615.0,54.9,8.4,0.0,0.0
155,HEA,6W,11763,620.0,55.6,8.7,0.0,0.0
155,HEA,6W,11792,625.0,56.5,8.9,0.0,0.0
155,HEA,7W,7206,105.0,24.8,1.7,0.0,0.0
155,HEA,7W,7243,110.0,25.2,1.7,0.0,0.0
155,HEA,7W,7286,115.0,25.5,1.8,0.0,0.0
155,HEA,7W,7336,120.0,25.9,1.8,0.0,0.0
155,HEA,7W,7392,125.0,26.2,1.9,0.0,0.0
155,HEA,7W,7452,130.0,26.6,1.9,0.0,0.0
155,HEA,7W,7515,135.0,26.9,2.0,0.0,0.0
155,HEA,7W,7582,140.0,27.3,2.0,0.0,0.0
155,HEA,7W,7652,145.0,27.6,2.1,0.0,0.0
155,HEA,7W,7723,150.0,27.9,2.1,0.0,0.0
155,HEA,7W,7797,155.0,28.3,2.2,0.0,0.0
155,HEA,7W,7873,160.0,28.6,2.2,0.0,0.0
155,HEA,7W,7950,165.0,29.0,2.3,0.0,0.0
155,HEA,7W,8028,170.0,29.3,2.3,0.0,0.0
155,HEA,7W,8107,175.0,29.6,2.4,0.0,0.0
155,HEA,7W,8187,180.0,30.0,2.4,0.0,0.0
155,HEA,7W,8268,185.0,30.3,2.5,0.0,0.0
155,HEA,7W,8349,190.0,30.6,2.5,0.0,0.0
155,HEA,7W,8431,195.0,31.0,2.6,0.0,0.0
155,HEA,7W,8513,200.0,31.3,2.6,0.0,0.0
155,HEA,7W,8596,205.0,31.6,2.7,0.0,0.0
155,HEA,7W,8679,210.0,32.0,2.8,0.0,0.0
155,HEA,7W,8762,215.0,32.3,2.8,0.0,0.0
155,HEA,7W,8845,220.0,32.6,2.9,0.0,0.0
155,HEA,7W,8928,225.0,32.9,2.9,0.0,0.0
155,HEA,7W,9012,230.0,33.3,3.0,0.0,0.0
155,HEA,7W,9095,235.0,33.6,3.0,0.0,0.0
155,HEA,7W,9178,240.0,33.9,3.1,0.0,0.0
155,HEA,7W,9261,245.0,34.2,3.2,0.0,0.0
155,HEA,7W,9344,250.0,34.6,3.2,0.0,0.0
155,HEA,7W,9427,255.0,34.9,3.3,0.0,0.0
155,HEA,7W,9509,260.0,35.2,3.3,0.0,0.0
155,HEA,7W,9591,265.0,35.5,3.4,0.0,0.0
155,HEA,7W,9674,270.0,35.8,3.5,0.0,0.0
155,HEA,7W,9755,275.0,36.2,3.5,0.0,0.0
155,HEA,7W,9837,280.0,36.5,3.6,0.0,0.0
155,HEA,7W,9918,285.0,36.8,3.7,0.0,0.0
155,HEA,7W,9999,290.0,37.1,3.7,0.0,0.0
155,HEA,7W,10080,295.0,37.4,3.8,0.0,0.0
155,HEA,7W,10160,300.0,37.8,3.9,0.0,0.0
155,HEA,7W,10240,305.0,38.1,3.9,0.0,0.0
155,HEA,7W,10319,310.0,38.4,4.0,0.0,0.0
155,HEA,7W,10398,315.0,38.7,4.0,0.0,0.0
155,HEA,7W,10477,320.0,39.0,4.1,0.0,0.0
155,HEA,7W,10555,325.0,39.4,4.2,0.0,0.0
155,HEA,7W,10633,330.0,39.7,4.3,0.0,0.0
155,HEA,7W,10710,335.0,40.0,4.3,0.0,0.0
155,HEA,7W,10787,340.0,40.3,4.4,0.0,0.0
155,HEA,7W,10864,345.0,40.6,4.5,0.0,0.0
155,HEA,7W,10940,350.0,40.9,4.5,0.0,0.0
155,HEA,7W,11015,355.0,41.3,4.6,0.0,0.0
155,HEA,7W,11090,360.0,41.6,4.7,0.0,0.0
155,HEA,7W,11165,365.0,41.9,4.7,0.0,0.0
155,HEA,7W,11239,370.0,42.2,4.8,0.0,0.0
155,HEA,7W,11312,375.0,42.5,4.9,0.0,0.0
155,HEA,7W,11385,380.0,42.9,5.0,0.0,0.0
155,HEA,7W,11458,385.0,43.2,5.0,0.0,0.0
155,HEA,7W,11530,390.0,43.5,5.1,0.0,0.0
155,HEA,7W,11601,395.0,43.8,5.2,0.0,0.0
155,HEA,7W,11672,400.0,44.1,5.3,0.0,0.0
155,HEA,7W,11742,405.0,44.5,5.3,0.0,0.0
155,HEA,7W,11812,410.0,44.8,5.4,0.0,0.0
155,HEA,7W,11881,415.0,45.1,5.5,0.0,0.0
155,HEA,7W,11950,420.0,45.4,5.6,0.0,0.0
155,HEA,7W,12017,425.0,45.7,5.6,0.0,0.0
155,HEA,7W,12085,430.0,46.1,5.7,0.0,0.0
155,HEA,7W,12151,435.0,46.4,5.8,0.0,0.0
155,HEA,7W,12217,440.0,46.7,5.9,0.0,0.0
155,HEA,7W,12282,445.0,47.0,6.0,0.0,0.0
155,HEA,7W,12347,450.0,47.4,6.1,0.0,0.0
155,HEA,7W,12411,455.0,47.7,6.1,0.0,0.0
155,HEA,7W,12474,460.0,48.0,6.2,0.0,0.0
155,HEA,7W,12537,465.0,48.3,6.3,0.0,0.0
155,HEA,7W,12599,470.0,48.7,6.4,0.0,0.0
155,HEA,7W,12660,475.0,49.0,6.5,0.0,0.0
155,HEA,7W,12720,480.0,49.3,6.6,0.0,0.0
155,HEA,7W,12780,485.0,49.7,6.7,0.0,0.0
155,HEA,7W,12839,490.0,50.0,6.8,0.0,0.0
155,HEA,7W,12898,495.0,50.3,6.8,0.0,0.0
155,HEA,7W,12956,500.0,50.7,6.9,0.0,0.0
155,HEA,7W,13013,505.0,51.0,7.0,0.0,0.0
155,HEA,7W,13069,510.0,51.3,7.1,0.0,0.0
155,HEA,7W,13124,515.0,51.7,7.2,0.0,0.0
155,HEA,7W,13179,520.0,52.0,7.3,0.0,0.0
155,HEA,7W,13233,525.0,52.4,7.4,0.0,0.0
155,HEA,7W,13286,530.0,52.7,7.5,0.0,0.0
155,HEA,7W,13339,535.0,53.0,7.6,0.0,0.0
155,HEA,7W,13391,540.0,53.4,7.7,0.0,0.0
155,HEA,7W,13442,545.0,53.8,7.8,0.0,0.0
155,HEA,7W,13492,550.0,54.1,7.9,0.0,0.0
155,HEA,7W,13541,555.0,54.5,8.0,0.0,0.0
155,HEA,7W,13590,560.0,54.8,8.1,0.0,0.0
155,HEA,7W,13637,565.0,55.2,8.2,0.0,0.0
155,HEA,7W,13684,570.0,55.6,8.3,0.0,0.0
155,HEA,7W,13730,575.0,55.9,8.4,0.0,0.0
155,HEA,7W,13775,580.0,56.3,8.6,0.0,0.0
155,HEA,7W,13820,585.0,56.7,8.7,0.0,0.0
155,HEA,7W,13863,590.0,57.1,8.8,0.0,0.0
155,HEA,7W,13905,595.0,57.5,8.9,0.0,0.0
155,HEA,7W,13947,600.0,57.9,9.1,0.0,0.0
155,HEA,7W,13987,605.0,58.4,9.2,0.0,0.0
155,HEA,7W,14027,610.0,58.8,9.3,0.0,0.0
155,HEA,7W,14065,615.0,59.3,9.5,0.0,0.0
155,HEA,7W,14102,620.0,59.8,9.7,0.0,0.0
155,HEA,7W,14138,625.0,60.3,9.8,0.0,0.0
155,HEA,7W,14173,630.0,60.8,10.0,0.0,0.0
155,HEA,7W,14207,635.0,61.4,10.2,0.0,0.0
155,HEA,7W,14240,640.0,62.1,10.4,0.0,0.0
155,HEA,7W,14270,645.0,62.9,10.7,0.0,0.0
155,HEA,7W,14298,650.0,64.3,11.2,0.0,0.0
155,HEA,8,8777,90.0,26.3,1.7,0.0,0.0
155,HEA,8,8820,95.0,26.8,1.8,0.0,0.0
155,HEA,8,8874,100.0,27.2,1.8,0.0,0.0
155,HEA,8,8937,105.0,27.6,1.9,0.0,0.0
155,HEA,8,9007,110.0,28.0,2.0,0.0,0.0
155,HEA,8,9084,115.0,28.5,2.0,0.0,0.0
155,HEA,8,9166,120.0,28.9,2.1,0.0,0.0
155,HEA,8,9252,125.0,29.3,2.1,0.0,0.0
155,HEA,8,9341,130.0,29.7,2.2,0.0,0.0
155,HEA,8,9433,135.0,30.1,2.3,0.0,0.0
155,HEA,8,9527,140.0,30.5,2.3,0.0,0.0
155,HEA,8,9623,145.0,30.9,2.4,0.0,0.0
155,HEA,8,9721,150.0,31.3,2.4,0.0,0.0
155,HEA,8,9819,155.0,31.7,2.5,0.0,0.0
155,HEA,8,9919,160.0,32.1,2.6,0.0,0.0
155,HEA,8,10019,165.0,32.5,2.6,0.0,0.0
155,HEA,8,10119,170.0,32.9,2.7,0.0,0.0
155,HEA,8,10220,175.0,33.3,2.8,0.0,0.0
155,HEA,8,10321,180.0,33.7,2.8,0.0,0.0
155,HEA,8,10422,185.0,34.1,2.9,0.0,0.0
155,HEA,8,10523,190.0,34.4,3.0,0.0,0.0
155,HEA,8,10625,195.0,34.8,3.0,0.0,0.0
155,HEA,8,10726,200.0,35.2,3.1,0.0,0.0
155,HEA,8,10826,205.0,35.6,3.2,0.0,0.0
155,HEA,8,10927,210.0,35.9,3.2,0.0,0.0
155,HEA,8,11027,215.0,36.3,3.3,0.0,0.0
155,HEA,8,11127,220.0,36.7,3.4,0.0,0.0
155,HEA,8,11227,225.0,37.1,3.4,0.0,0.0
155,HEA,8,11326,230.0,37.4,3.5,0.0,0.0
155,HEA,8,11425,235.0,37.8,3.6,0.0,0.0
155,HEA,8,11523,240.0,38.2,3.6,0.0,0.0
155,HEA,8,11621,245.0,38.5,3.7,0.0,0.0
155,HEA,8,11719,250.0,38.9,3.8,0.0,0.0
155,HEA,8,11816,255.0,39.2,3.8,0.0,0.0
155,HEA,8,11912,260.0,39.6,3.9,0.0,0.0
155,HEA,8,12009,265.0,40.0,4.0,0.0,0.0
155,HEA,8,12104,270.0,40.3,4.1,0.0,0.0
155,HEA,8,12199,275.0,40.7,4.1,0.0,0.0
155,HEA,8,12294,280.0,41.0,4.2,0.0,0.0
155,HEA,8,12388,285.0,41.4,4.3,0.0,0.0
155,HEA,8,12481,290.0,41.7,4.3,0.0,0.0
155,HEA,8,12574,295.0,42.1,4.4,0.0,0.0
155,HEA,8,12667,300.0,42.5,4.5,0.0,0.0
155,HEA,8,12759,305.0,42.8,4.6,0.0,0.0
155,HEA,8,12850,310.0,43.2,4.7,0.0,0.0
155,HEA,8,12941,315.0,43.5,4.7,0.0,0.0
155,HEA,8,13031,320.0,43.9,4.8,0.0,0.0
155,HEA,8,13120,325.0,44.2,4.9,0.0,0.0
155,HEA,8,13209,330.0,44.6,5.0,0.0,0.0
155,HEA,8,13298,335.0,44.9,5.0,0.0,0.0
155,HEA,8,13386,340.0,45.3,5.1,0.0,0.0
155,HEA,8,13473,345.0,45.6,5.2,0.0,0.0
155,HEA,8,13560,350.0,46.0,5.3,0.0,0.0
155,HEA,8,13646,355.0,46.3,5.4,0.0,0.0
155,HEA,8,13731,360.0,46.7,5.5,0.0,0.0
155,HEA,8,13816,365.0,47.0,5.5,0.0,0.0
155,HEA,8,13900,370.0,47.4,5.6,0.0,0.0
155,HEA,8,13984,375.0,47.7,5.7,0.0,0.0
155,HEA,8,14067,380.0,48.1,5.8,0.0,0.0
155,HEA,8,14149,385.0,48.4,5.9,0.0,0.0
155,HEA,8,14231,390.0,48.8,6.0,0.0,0.0
155,HEA,8,14312,395.0,49.1,6.0,0.0,0.0
155,HEA,8,14392,400.0,49.5,6.1,0.0,0.0
155,HEA,8,14472,405.0,49.8,6.2,0.0,0.0
155,HEA,8,14551,410.0,50.2,6.3,0.0,0.0
155,HEA,8,14630,415.0,50.5,6.4,0.0,0.0
155,HEA,8,14708,420.0,50.9,6.5,0.0,0.0
155,HEA,8,14785,425.0,51.2,6.6,0.0,0.0
155,HEA,8,14861,430.0,51.6,6.7,0.0,0.0
155,HEA,8,14937,435.0,51.9,6.7,0.0,0.0
155,HEA,8,15012,440.0,52.3,6.8,0.0,0.0
155,HEA,8,15087,445.0,52.6,6.9,0.0,0.0
155,HEA,8,15161,450.0,53.0,7.0,0.0,0.0
155,HEA,8,15234,455.0,53.3,7.1,0.0,0.0
155,HEA,8,15307,460.0,53.7,7.2,0.0,0.0
155,HEA,8,15378,465.0,54.0,7.3,0.0,0.0
155,HEA,8,15449,470.0,54.4,7.4,0.0,0.0
155,HEA,8,15520,475.0,54.7,7.5,0.0,0.0
155,HEA,8,15589,480.0,55.1,7.6,0.0,0.0
155,HEA,8,15658,485.0,55.5,7.7,0.0,0.0
155,HEA,8,15727,490.0,55.8,7.8,0.0,0.0
155,HEA,8,15794,495.0,56.2,7.9,0.0,0.0
155,HEA,8,15861,500.0,56.5,8.0,0.0,0.0
155,HEA,8,15927,505.0,56.9,8.1,0.0,0.0
155,HEA,8,15992,510.0,57.2,8.2,0.0,0.0
155,HEA,8,16057,515.0,57.6,8.3,0.0,0.0
155,HEA,8,16121,520.0,58.0,8.4,0.0,0.0
155,HEA,8,16184,525.0,58.3,8.5,0.0,0.0
155,HEA,8,16246,530.0,58.7,8.6,0.0,0.0
155,HEA,8,16308,535.0,59.0,8.7,0.0,0.0
155,HEA,8,16369,540.0,59.4,8.8,0.0,0.0
155,HEA,8,16429,545.0,59.8,8.9,0.0,0.0
155,HEA,8,16488,550.0,60.1,9.0,0.0,0.0
155,HEA,8,16546,555.0,60.5,9.2,0.0,0.0
155,HEA,8,16604,560.0,60.9,9.3,0.0,0.0
155,HEA,8,16660,565.0,61.3,9.4,0.0,0.0
155,HEA,8,16716,570.0,61.6,9.5,0.0,0.0
155,HEA,8,16771,575.0,62.0,9.6,0.0,0.0
155,HEA,8,16824,580.0,62.4,9.7,0.0,0.0
155,HEA,8,16877,585.0,62.8,9.9,0.0,0.0
155,HEA,8,16929,590.0,63.2,10.0,0.0,0.0
155,HEA,8,16980,595.0,63.5,10.1,0.0,0.0
155,HEA,8,17030,600.0,63.9,10.2,0.0,0.0
155,HEA,8,17079,605.0,64.3,10.3,0.0,0.0
155,HEA,8,17128,610.0,64.7,10.5,0.0,0.0
155,HEA,8,17175,615.0,65.1,10.6,0.0,0.0
155,HEA,8,17221,620.0,65.5,10.7,0.0,0.0
155,HEA,8,17266,625.0,66.0,10.9,0.0,0.0
155,HEA,8,17310,630.0,66.4,11.0,0.0,0.0
155,HEA,8,17353,635.0,66.8,11.2,0.0,0.0
155,HEA,8,17396,640.0,67.3,11.3,0.0,0.0
155,HEA,8,17437,645.0,67.7,11.5,0.0,0.0
155,HEA,8,17477,650.0,68.2,11.6,0.0,0.0
155,HEA,8,17516,655.0,68.7,11.8,0.0,0.0
155,HEA,8,17553,660.0,69.2,12.0,0.0,0.0
155,HEA,8,17590,665.0,69.7,12.1,0.0,0.0
155,HEA,8,17626,670.0,70.3,12.4,0.0,0.0
155,HEA,8,17660,675.0,70.9,12.6,0.0,0.0
155,HEA,8,17693,680.0,71.7,12.9,0.0,0.0
155,HEA,8,17724,685.0,72.5,13.1,0.0,0.0
155,HEA,8,17752,690.0,74.0,13.7,0.0,0.0
