ART,PROJ,CHG,DIST,QE,TOF,DRIFT
105,HE,1,100,89.0,2.8,0.0
105,HE,1,200,89.0,2.8,0.0
105,HE,1,300,89.0,2.8,0.0
105,HE,1,400,89.0,2.8,0.0
105,HE,1,500,102.0,3.2,0.0
105,HE,1,600,123.0,3.9,0.0
105,HE,1,700,145.0,4.6,0.1
105,HE,1,800,168.0,5.3,0.1
105,HE,1,900,191.0,6.0,0.1
105,HE,1,1000,215.0,6.7,0.1
105,HE,1,1100,245.0,7.6,0.2
105,HE,2,200,89.0,3.5,0.0
105,HE,2,300,89.0,3.5,0.0
105,HE,2,400,89.0,3.5,0.0
105,HE,2,500,89.0,3.5,0.0
105,HE,2,600,89.0,3.5,0.0
105,HE,2,700,92.0,3.6,0.0
105,HE,2,800,106.0,4.2,0.1
105,HE,2,900,121.0,4.7,0.1
105,HE,2,1000,135.0,5.3,0.1
105,HE,2,1100,150.0,5.9,0.1
105,HE,2,1200,165.0,6.5,0.1
105,HE,2,1300,181.0,7.1,0.1
105,HE,2,1400,197.0,7.7,0.2
105,HE,2,1500,214.0,8.3,0.2
105,HE,3,200,89.0,4.1,0.0
105,HE,3,300,89.0,4.1,0.0
105,HE,3,400,89.0,4.1,0.0
105,HE,3,500,89.0,4.1,0.0
105,HE,3,600,89.0,4.1,0.0
105,HE,3,700,89.0,4.1,0.0
105,HE,3,800,89.0,4.1,0.0
105,HE,3,900,89.0,4.1,0.0
105,HE,3,1000,100.0,4.6,0.1
105,HE,3,1100,111.0,5.0,0.1
105,HE,3,1200,122.0,5.5,0.1
105,HE,3,1300,133.0,6.0,0.1
105,HE,3,1400,145.0,6.5,0.1
105,HE,3,1500,157.0,7.1,0.1
105,HE,3,1600,169.0,7.6,0.2
105,HE,3,1700,181.0,8.1,0.2
105,HE,3,1800,194.0,8.7,0.2
105,HE,3,1900,206.0,9.2,0.2
105,HE,4,200,89.0,4.9,0.1
105,HE,4,300,89.0,4.9,0.1
105,HE,4,400,89.0,4.9,0.1
105,HE,4,500,89.0,4.9,0.1
105,HE,4,600,89.0,4.9,0.1
105,HE,4,700,89.0,4.9,0.1
105,HE,4,800,89.0,4.9,0.1
105,HE,4,900,89.0,4.9,0.1
105,HE,4,1000,89.0,4.9,0.1
105,HE,4,1100,89.0,4.9,0.1
105,HE,4,1200,89.0,4.9,0.1
105,HE,4,1300,92.0,5.0,0.1
105,HE,4,1400,100.0,5.4,0.1
105,HE,4,1500,108.0,5.9,0.1
105,HE,4,1600,116.0,6.3,0.1
105,HE,4,1700,124.0,6.7,0.1
105,HE,4,1800,133.0,7.2,0.1
105,HE,4,1900,142.0,7.6,0.2
105,HE,4,2000,150.0,8.1,0.2
105,HE,4,2100,159.0,8.5,0.2
105,HE,4,2200,169.0,9.0,0.2
105,HE,4,2300,178.0,9.5,0.3
105,HE,4,2400,187.0,9.9,0.3
105,HE,4,2500,197.0,10.4,0.3
105,HE,5,200,89.0,5.8,0.1
105,HE,5,300,89.0,5.8,0.1
105,HE,5,400,89.0,5.8,0.1
105,HE,5,500,89.0,5.8,0.1
105,HE,5,600,89.0,5.8,0.1
105,HE,5,700,89.0,5.8,0.1
105,HE,5,800,89.0,5.8,0.1
105,HE,5,900,89.0,5.8,0.1
105,HE,5,1000,89.0,5.8,0.1
105,HE,5,1100,89.0,5.8,0.1
105,HE,5,1200,89.0,5.8,0.1
105,HE,5,1300,89.0,5.8,0.1
105,HE,5,1400,89.0,5.8,0.1
105,HE,5,1500,89.0,5.8,0.1
105,HE,5,1600,89.0,5.8,0.1
105,HE,5,1700,89.0,5.8,0.1
105,HE,5,1800,92.0,6.0,0.1
105,HE,5,1900,98.0,6.4,0.1
105,HE,5,2000,105.0,6.7,0.1
105,HE,5,2100,111.0,7.1,0.1
105,HE,5,2200,117.0,7.5,0.2
105,HE,5,2300,124.0,7.9,0.2
105,HE,5,2400,130.0,8.3,0.2
105,HE,5,2500,137.0,8.7,0.2
105,HE,5,2600,144.0,9.1,0.2
105,HE,5,2700,151.0,9.5,0.3
105,HE,5,2800,158.0,10.0,0.3
105,HE,5,2900,166.0,10.4,0.3
105,HE,5,3000,173.0,10.8,0.3
105,HE,5,3100,181.0,11.3,0.4
105,HE,5,3200,188.0,11.7,0.4
105,HE,6,200,89.0,6.7,0.1
105,HE,6,300,89.0,6.7,0.1
105,HE,6,400,89.0,6.7,0.1
105,HE,6,500,89.0,6.7,0.1
105,HE,6,600,89.0,6.7,0.1
105,HE,6,700,89.0,6.7,0.1
105,HE,6,800,89.0,6.7,0.1
105,HE,6,900,89.0,6.7,0.1
105,HE,6,1000,89.0,6.7,0.1
105,HE,6,1100,89.0,6.7,0.1
105,HE,6,1200,89.0,6.7,0.1
105,HE,6,1300,89.0,6.7,0.1
105,HE,6,1400,89.0,6.7,0.1
105,HE,6,1500,89.0,6.7,0.1
105,HE,6,1600,89.0,6.7,0.1
105,HE,6,1700,89.0,6.7,0.1
105,HE,6,1800,89.0,6.7,0.1
105,HE,6,1900,89.0,6.7,0.1
105,HE,6,2000,89.0,6.7,0.1
105,HE,6,2100,89.0,6.7,0.1
105,HE,6,2200,89.0,6.7,0.1
105,HE,6,2300,90.0,6.8,0.1
105,HE,6,2400,95.0,7.1,0.1
105,HE,6,2500,100.0,7.5,0.2
105,HE,6,2600,105.0,7.8,0.2
105,HE,6,2700,111.0,8.2,0.2
105,HE,6,2800,116.0,8.6,0.2
105,HE,6,2900,121.0,8.9,0.2
105,HE,6,3000,127.0,9.3,0.2
105,HE,6,3100,132.0,9.7,0.3
105,HE,6,3200,138.0,10.1,0.3
105,HE,6,3300,144.0,10.5,0.3
105,HE,6,3400,150.0,10.9,0.3
105,HE,6,3500,156.0,11.3,0.3
105,HE,6,3600,162.0,11.7,0.4
105,HE,6,3700,169.0,12.1,0.4
105,HE,6,3800,175.0,12.5,0.4
105,HE,7,200,89.0,8.1,0.2
105,HE,7,300,89.0,8.1,0.2
105,HE,7,400,89.0,8.1,0.2
105,HE,7,500,89.0,8.1,0.2
105,HE,7,600,89.0,8.1,0.2
105,HE,7,700,89.0,8.1,0.2
105,HE,7,800,89.0,8.1,0.2
105,HE,7,900,89.0,8.1,0.2
105,HE,7,1000,89.0,8.1,0.2
105,HE,7,1100,89.0,8.1,0.2
105,HE,7,1200,89.0,8.1,0.2
105,HE,7,1300,89.0,8.1,0.2
105,HE,7,1400,89.0,8.1,0.2
105,HE,7,1500,89.0,8.1,0.2
105,HE,7,1600,89.0,8.1,0.2
105,HE,7,1700,89.0,8.1,0.2
105,HE,7,1800,89.0,8.1,0.2
105,HE,7,1900,89.0,8.1,0.2
105,HE,7,2000,89.0,8.1,0.2
105,HE,7,2100,89.0,8.1,0.2
105,HE,7,2200,89.0,8.1,0.2
105,HE,7,2300,89.0,8.1,0.2
105,HE,7,2400,89.0,8.1,0.2
105,HE,7,2500,89.0,8.1,0.2
105,HE,7,2600,89.0,8.1,0.2
105,HE,7,2700,89.0,8.1,0.2
105,HE,7,2800,89.0,8.1,0.2
105,HE,7,2900,89.0,8.1,0.2
105,HE,7,3000,89.0,8.1,0.2
105,HE,7,3100,89.0,8.1,0.2
105,HE,7,3200,90.0,8.1,0.2
105,HE,7,3300,93.0,8.5,0.2
105,HE,7,3400,97.0,8.8,0.2
105,HE,7,3500,101.0,9.1,0.2
105,HE,7,3600,105.0,9.4,0.2
105,HE,7,3700,109.0,9.8,0.3
105,HE,7,3800,114.0,10.1,0.3
105,HE,7,3900,118.0,10.5,0.3
105,HE,7,4000,122.0,10.8,0.3
105,HE,7,4100,127.0,11.2,0.3
105,HE,7,4200,132.0,11.5,0.4
105,HE,7,4300,136.0,11.9,0.4
105,HE,7,4400,141.0,12.3,0.4
105,HE,7,4500,146.0,12.6,0.4
105,HE,7,4600,151.0,13.0,0.5
105,HE,7,4700,156.0,13.4,0.5
105,M1,1,100,89.0,2.8,0.0
105,M1,1,200,89.0,2.8,0.0
105,M1,1,300,89.0,2.8,0.0
105,M1,1,400,89.0,2.8,0.0
105,M1,1,500,102.0,3.2,0.0
105,M1,1,600,123.0,3.9,0.0
105,M1,1,700,145.0,4.6,0.1
105,M1,1,800,168.0,5.3,0.1
105,M1,1,900,191.0,6.0,0.1
105,M1,1,1000,215.0,6.7,0.1
105,M1,1,1100,245.0,7.6,0.2
105,M1,2,200,89.0,3.5,0.0
105,M1,2,300,89.0,3.5,0.0
105,M1,2,400,89.0,3.5,0.0
105,M1,2,500,89.0,3.5,0.0
105,M1,2,600,89.0,3.5,0.0
105,M1,2,700,92.0,3.6,0.0
105,M1,2,800,106.0,4.2,0.1
105,M1,2,900,121.0,4.7,0.1
105,M1,2,1000,135.0,5.3,0.1
105,M1,2,1100,150.0,5.9,0.1
105,M1,2,1200,165.0,6.5,0.1
105,M1,2,1300,181.0,7.1,0.1
105,M1,2,1400,197.0,7.7,0.2
105,M1,2,1500,214.0,8.3,0.2
105,M1,3,200,89.0,4.1,0.0
105,M1,3,300,89.0,4.1,0.0
105,M1,3,400,89.0,4.1,0.0
105,M1,3,500,89.0,4.1,0.0
105,M1,3,600,89.0,4.1,0.0
105,M1,3,700,89.0,4.1,0.0
105,M1,3,800,89.0,4.1,0.0
105,M1,3,900,89.0,4.1,0.0
105,M1,3,1000,100.0,4.6,0.1
105,M1,3,1100,111.0,5.0,0.1
105,M1,3,1200,122.0,5.5,0.1
105,M1,3,1300,133.0,6.0,0.1
105,M1,3,1400,145.0,6.5,0.1
105,M1,3,1500,157.0,7.1,0.1
105,M1,3,1600,169.0,7.6,0.2
105,M1,3,1700,181.0,8.1,0.2
105,M1,3,1800,194.0,8.7,0.2
105,M1,3,1900,206.0,9.2,0.2
105,M1,4,200,89.0,4.9,0.1
105,M1,4,300,89.0,4.9,0.1
105,M1,4,400,89.0,4.9,0.1
105,M1,4,500,89.0,4.9,0.1
105,M1,4,600,89.0,4.9,0.1
105,M1,4,700,89.0,4.9,0.1
105,M1,4,800,89.0,4.9,0.1
105,M1,4,900,89.0,4.9,0.1
105,M1,4,1000,89.0,4.9,0.1
105,M1,4,1100,89.0,4.9,0.1
105,M1,4,1200,89.0,4.9,0.1
105,M1,4,1300,92.0,5.0,0.1
105,M1,4,1400,100.0,5.4,0.1
105,M1,4,1500,108.0,5.9,0.1
105,M1,4,1600,116.0,6.3,0.1
105,M1,4,1700,124.0,6.7,0.1
105,M1,4,1800,133.0,7.2,0.1
105,M1,4,1900,142.0,7.6,0.2
105,M1,4,2000,150.0,8.1,0.2
105,M1,4,2100,159.0,8.5,0.2
105,M1,4,2200,169.0,9.0,0.2
105,M1,4,2300,178.0,9.5,0.3
105,M1,4,2400,187.0,9.9,0.3
105,M1,4,2500,197.0,10.4,0.3
105,M1,5,200,89.0,5.8,0.1
105,M1,5,300,89.0,5.8,0.1
105,M1,5,400,89.0,5.8,0.1
105,M1,5,500,89.0,5.8,0.1
105,M1,5,600,89.0,5.8,0.1
105,M1,5,700,89.0,5.8,0.1
105,M1,5,800,89.0,5.8,0.1
105,M1,5,900,89.0,5.8,0.1
105,M1,5,1000,89.0,5.8,0.1
105,M1,5,1100,89.0,5.8,0.1
105,M1,5,1200,89.0,5.8,0.1
105,M1,5,1300,89.0,5.8,0.1
105,M1,5,1400,89.0,5.8,0.1
105,M1,5,1500,89.0,5.8,0.1
105,M1,5,1600,89.0,5.8,0.1
105,M1,5,1700,89.0,5.8,0.1
105,M1,5,1800,92.0,6.0,0.1
105,M1,5,1900,98.0,6.4,0.1
105,M1,5,2000,105.0,6.7,0.1
105,M1,5,2100,111.0,7.1,0.1
105,M1,5,2200,117.0,7.5,0.2
105,M1,5,2300,124.0,7.9,0.2
105,M1,5,2400,130.0,8.3,0.2
105,M1,5,2500,137.0,8.7,0.2
105,M1,5,2600,144.0,9.1,0.2
105,M1,5,2700,151.0,9.5,0.3
105,M1,5,2800,158.0,10.0,0.3
105,M1,5,2900,166.0,10.4,0.3
105,M1,5,3000,173.0,10.8,0.3
105,M1,5,3100,181.0,11.3,0.4
105,M1,5,3200,188.0,11.7,0.4
105,M1,6,200,89.0,6.7,0.1
105,M1,6,300,89.0,6.7,0.1
105,M1,6,400,89.0,6.7,0.1
105,M1,6,500,89.0,6.7,0.1
105,M1,6,600,89.0,6.7,0.1
105,M1,6,700,89.0,6.7,0.1
105,M1,6,800,89.0,6.7,0.1
105,M1,6,900,89.0,6.7,0.1
105,M1,6,1000,89.0,6.7,0.1
105,M1,6,1100,89.0,6.7,0.1
105,M1,6,1200,89.0,6.7,0.1
105,M1,6,1300,89.0,6.7,0.1
105,M1,6,1400,89.0,6.7,0.1
105,M1,6,1500,89.0,6.7,0.1
105,M1,6,1600,89.0,6.7,0.1
105,M1,6,1700,89.0,6.7,0.1
105,M1,6,1800,89.0,6.7,0.1
105,M1,6,1900,89.0,6.7,0.1
105,M1,6,2000,89.0,6.7,0.1
105,M1,6,2100,89.0,6.7,0.1
105,M1,6,2200,89.0,6.7,0.1
105,M1,6,2300,90.0,6.8,0.1
105,M1,6,2400,95.0,7.1,0.1
105,M1,6,2500,100.0,7.5,0.2
105,M1,6,2600,105.0,7.8,0.2
105,M1,6,2700,111.0,8.2,0.2
105,M1,6,2800,116.0,8.6,0.2
105,M1,6,2900,121.0,8.9,0.2
105,M1,6,3000,127.0,9.3,0.2
105,M1,6,3100,132.0,9.7,0.3
105,M1,6,3200,138.0,10.1,0.3
105,M1,6,3300,144.0,10.5,0.3
105,M1,6,3400,150.0,10.9,0.3
105,M1,6,3500,156.0,11.3,0.3
105,M1,6,3600,162.0,11.7,0.4
105,M1,6,3700,169.0,12.1,0.4
105,M1,6,3800,175.0,12.5,0.4
105,M1,7,200,89.0,8.1,0.2
105,M1,7,300,89.0,8.1,0.2
105,M1,7,400,89.0,8.1,0.2
105,M1,7,500,89.0,8.1,0.2
105,M1,7,600,89.0,8.1,0.2
105,M1,7,700,89.0,8.1,0.2
105,M1,7,800,89.0,8.1,0.2
105,M1,7,900,89.0,8.1,0.2
105,M1,7,1000,89.0,8.1,0.2
105,M1,7,1100,89.0,8.1,0.2
105,M1,7,1200,89.0,8.1,0.2
105,M1,7,1300,89.0,8.1,0.2
105,M1,7,1400,89.0,8.1,0.2
105,M1,7,1500,89.0,8.1,0.2
105,M1,7,1600,89.0,8.1,0.2
105,M1,7,1700,89.0,8.1,0.2
105,M1,7,1800,89.0,8.1,0.2
105,M1,7,1900,89.0,8.1,0.2
105,M1,7,2000,89.0,8.1,0.2
105,M1,7,2100,89.0,8.1,0.2
105,M1,7,2200,89.0,8.1,0.2
105,M1,7,2300,89.0,8.1,0.2
105,M1,7,2400,89.0,8.1,0.2
105,M1,7,2500,89.0,8.1,0.2
105,M1,7,2600,89.0,8.1,0.2
105,M1,7,2700,89.0,8.1,0.2
105,M1,7,2800,89.0,8.1,0.2
105,M1,7,2900,89.0,8.1,0.2
105,M1,7,3000,89.0,8.1,0.2
105,M1,7,3100,89.0,8.1,0.2
105,M1,7,3200,90.0,8.1,0.2
105,M1,7,3300,93.0,8.5,0.2
105,M1,7,3400,97.0,8.8,0.2
105,M1,7,3500,101.0,9.1,0.2
105,M1,7,3600,105.0,9.4,0.2
105,M1,7,3700,109.0,9.8,0.3
105,M1,7,3800,114.0,10.1,0.3
105,M1,7,3900,118.0,10.5,0.3
105,M1,7,4000,122.0,10.8,0.3
105,M1,7,4100,127.0,11.2,0.3
105,M1,7,4200,132.0,11.5,0.4
105,M1,7,4300,136.0,11.9,0.4
105,M1,7,4400,141.0,12.3,0.4
105,M1,7,4500,146.0,12.6,0.4
105,M1,7,4600,151.0,13.0,0.5
105,M1,7,4700,156.0,13.4,0.5
105,M67,1,100,89.0,2.8,0.0
105,M67,1,200,89.0,2.8,0.0
105,M67,1,300,89.0,2.8,0.0
105,M67,1,400,89.0,2.8,0.0
105,M67,1,500,102.0,3.2,0.0
105,M67,1,600,123.0,3.9,0.0
105,M67,1,700,145.0,4.6,0.1
105,M67,1,800,168.0,5.3,0.1
105,M67,1,900,191.0,6.0,0.1
105,M67,1,1000,215.0,6.7,0.1
105,M67,1,1100,245.0,7.6,0.2
105,M67,2,200,89.0,3.5,0.0
105,M67,2,300,89.0,3.5,0.0
105,M67,2,400,89.0,3.5,0.0
105,M67,2,500,89.0,3.5,0.0
105,M67,2,600,89.0,3.5,0.0
105,M67,2,700,92.0,3.6,0.0
105,M67,2,800,106.0,4.2,0.1
105,M67,2,900,121.0,4.7,0.1
105,M67,2,1000,135.0,5.3,0.1
105,M67,2,1100,150.0,5.9,0.1
105,M67,2,1200,165.0,6.5,0.1
105,M67,2,1300,181.0,7.1,0.1
105,M67,2,1400,197.0,7.7,0.2
105,M67,2,1500,214.0,8.3,0.2
105,M67,3,200,89.0,4.1,0.0
105,M67,3,300,89.0,4.1,0.0
105,M67,3,400,89.0,4.1,0.0
105,M67,3,500,89.0,4.1,0.0
105,M67,3,600,89.0,4.1,0.0
105,M67,3,700,89.0,4.1,0.0
105,M67,3,800,89.0,4.1,0.0
105,M67,3,900,89.0,4.1,0.0
105,M67,3,1000,100.0,4.6,0.1
105,M67,3,1100,111.0,5.0,0.1
105,M67,3,1200,122.0,5.5,0.1
105,M67,3,1300,133.0,6.0,0.1
105,M67,3,1400,145.0,6.5,0.1
105,M67,3,1500,157.0,7.1,0.1
105,M67,3,1600,169.0,7.6,0.2
105,M67,3,1700,181.0,8.1,0.2
105,M67,3,1800,194.0,8.7,0.2
105,M67,3,1900,206.0,9.2,0.2
105,M67,4,200,89.0,4.9,0.1
105,M67,4,300,89.0,4.9,0.1
105,M67,4,400,89.0,4.9,0.1
105,M67,4,500,89.0,4.9,0.1
105,M67,4,600,89.0,4.9,0.1
105,M67,4,700,89.0,4.9,0.1
105,M67,4,800,89.0,4.9,0.1
105,M67,4,900,89.0,4.9,0.1
105,M67,4,1000,89.0,4.9,0.1
105,M67,4,1100,89.0,4.9,0.1
105,M67,4,1200,89.0,4.9,0.1
105,M67,4,1300,92.0,5.0,0.1
105,M67,4,1400,100.0,5.4,0.1
105,M67,4,1500,108.0,5.9,0.1
105,M67,4,1600,116.0,6.3,0.1
105,M67,4,1700,124.0,6.7,0.1
105,M67,4,1800,133.0,7.2,0.1
105,M67,4,1900,142.0,7.6,0.2
105,M67,4,2000,150.0,8.1,0.2
105,M67,4,2100,159.0,8.5,0.2
105,M67,4,2200,169.0,9.0,0.2
105,M67,4,2300,178.0,9.5,0.3
105,M67,4,2400,187.0,9.9,0.3
105,M67,4,2500,197.0,10.4,0.3
105,M67,5,200,89.0,5.8,0.1
105,M67,5,300,89.0,5.8,0.1
105,M67,5,400,89.0,5.8,0.1
105,M67,5,500,89.0,5.8,0.1
105,M67,5,600,89.0,5.8,0.1
105,M67,5,700,89.0,5.8,0.1
105,M67,5,800,89.0,5.8,0.1
105,M67,5,900,89.0,5.8,0.1
105,M67,5,1000,89.0,5.8,0.1
105,M67,5,1100,89.0,5.8,0.1
105,M67,5,1200,89.0,5.8,0.1
105,M67,5,1300,89.0,5.8,0.1
105,M67,5,1400,89.0,5.8,0.1
105,M67,5,1500,89.0,5.8,0.1
105,M67,5,1600,89.0,5.8,0.1
105,M67,5,1700,89.0,5.8,0.1
105,M67,5,1800,92.0,6.0,0.1
105,M67,5,1900,98.0,6.4,0.1
105,M67,5,2000,105.0,6.7,0.1
105,M67,5,2100,111.0,7.1,0.1
105,M67,5,2200,117.0,7.5,0.2
105,M67,5,2300,124.0,7.9,0.2
105,M67,5,2400,130.0,8.3,0.2
105,M67,5,2500,137.0,8.7,0.2
105,M67,5,2600,144.0,9.1,0.2
105,M67,5,2700,151.0,9.5,0.3
105,M67,5,2800,158.0,10.0,0.3
105,M67,5,2900,166.0,10.4,0.3
105,M67,5,3000,173.0,10.8,0.3
105,M67,5,3100,181.0,11.3,0.4
105,M67,5,3200,188.0,11.7,0.4
105,M67,6,200,89.0,6.7,0.1
105,M67,6,300,89.0,6.7,0.1
105,M67,6,400,89.0,6.7,0.1
105,M67,6,500,89.0,6.7,0.1
105,M67,6,600,89.0,6.7,0.1
105,M67,6,700,89.0,6.7,0.1
105,M67,6,800,89.0,6.7,0.1
105,M67,6,900,89.0,6.7,0.1
105,M67,6,1000,89.0,6.7,0.1
105,M67,6,1100,89.0,6.7,0.1
105,M67,6,1200,89.0,6.7,0.1
105,M67,6,1300,89.0,6.7,0.1
105,M67,6,1400,89.0,6.7,0.1
105,M67,6,1500,89.0,6.7,0.1
105,M67,6,1600,89.0,6.7,0.1
105,M67,6,1700,89.0,6.7,0.1
105,M67,6,1800,89.0,6.7,0.1
105,M67,6,1900,89.0,6.7,0.1
105,M67,6,2000,89.0,6.7,0.1
105,M67,6,2100,89.0,6.7,0.1
105,M67,6,2200,89.0,6.7,0.1
105,M67,6,2300,90.0,6.8,0.1
105,M67,6,2400,95.0,7.1,0.1
105,M67,6,2500,100.0,7.5,0.2
105,M67,6,2600,105.0,7.8,0.2
105,M67,6,2700,111.0,8.2,0.2
105,M67,6,2800,116.0,8.6,0.2
105,M67,6,2900,121.0,8.9,0.2
105,M67,6,3000,127.0,9.3,0.2
105,M67,6,3100,132.0,9.7,0.3
105,M67,6,3200,138.0,10.1,0.3
105,M67,6,3300,144.0,10.5,0.3
105,M67,6,3400,150.0,10.9,0.3
105,M67,6,3500,156.0,11.3,0.3
105,M67,6,3600,162.0,11.7,0.4
105,M67,6,3700,169.0,12.1,0.4
105,M67,6,3800,175.0,12.5,0.4
105,M67,7,200,89.0,8.1,0.2
105,M67,7,300,89.0,8.1,0.2
105,M67,7,400,89.0,8.1,0.2
105,M67,7,500,89.0,8.1,0.2
105,M67,7,600,89.0,8.1,0.2
105,M67,7,700,89.0,8.1,0.2
105,M67,7,800,89.0,8.1,0.2
105,M67,7,900,89.0,8.1,0.2
105,M67,7,1000,89.0,8.1,0.2
105,M67,7,1100,89.0,8.1,0.2
105,M67,7,1200,89.0,8.1,0.2
105,M67,7,1300,89.0,8.1,0.2
105,M67,7,1400,89.0,8.1,0.2
105,M67,7,1500,89.0,8.1,0.2
105,M67,7,1600,89.0,8.1,0.2
105,M67,7,1700,89.0,8.1,0.2
105,M67,7,1800,89.0,8.1,0.2
105,M67,7,1900,89.0,8.1,0.2
105,M67,7,2000,89.0,8.1,0.2
105,M67,7,2100,89.0,8.1,0.2
105,M67,7,2200,89.0,8.1,0.2
105,M67,7,2300,89.0,8.1,0.2
105,M67,7,2400,89.0,8.1,0.2
105,M67,7,2500,89.0,8.1,0.2
105,M67,7,2600,89.0,8.1,0.2
105,M67,7,2700,89.0,8.1,0.2
105,M67,7,2800,89.0,8.1,0.2
105,M67,7,2900,89.0,8.1,0.2
105,M67,7,3000,89.0,8.1,0.2
105,M67,7,3100,89.0,8.1,0.2
105,M67,7,3200,90.0,8.1,0.2
105,M67,7,3300,93.0,8.5,0.2
105,M67,7,3400,97.0,8.8,0.2
105,M67,7,3500,101.0,9.1,0.2
105,M67,7,3600,105.0,9.4,0.2
105,M67,7,3700,109.0,9.8,0.3
105,M67,7,3800,114.0,10.1,0.3
105,M67,7,3900,118.0,10.5,0.3
105,M67,7,4000,122.0,10.8,0.3
105,M67,7,4100,127.0,11.2,0.3
105,M67,7,4200,132.0,11.5,0.4
105,M67,7,4300,136.0,11.9,0.4
105,M67,7,4400,141.0,12.3,0.4
105,M67,7,4500,146.0,12.6,0.4
105,M67,7,4600,151.0,13.0,0.5
105,M67,7,4700,156.0,13.4,0.5
105,HEA,1,100,89.0,2.8,0.0
105,HEA,1,200,89.0,2.8,0.0
105,HEA,1,300,89.0,2.8,0.0
105,HEA,1,400,89.0,2.8,0.0
105,HEA,1,500,102.0,3.2,0.0
105,HEA,1,600,123.0,3.9,0.0
105,HEA,1,700,145.0,4.6,0.096
105,HEA,1,800,168.0,5.3,0.096
105,HEA,1,900,191.0,6.0,0.096
105,HEA,1,1000,215.0,6.7,0.096
105,HEA,1,1100,245.0,7.6,0.192
105,HEA,2,200,89.0,3.5,0.0
105,HEA,2,300,89.0,3.5,0.0
105,HEA,2,400,89.0,3.5,0.0
105,HEA,2,500,89.0,3.5,0.0
105,HEA,2,600,89.0,3.5,0.0
105,HEA,2,700,92.0,3.6,0.0
105,HEA,2,800,106.0,4.2,0.096
105,HEA,2,900,121.0,4.7,0.096
105,HEA,2,1000,135.0,5.3,0.096
105,HEA,2,1100,150.0,5.9,0.096
105,HEA,2,1200,165.0,6.5,0.096
105,HEA,2,1300,181.0,7.1,0.096
105,HEA,2,1400,197.0,7.7,0.192
105,HEA,2,1500,214.0,8.3,0.192
105,HEA,3,200,89.0,4.1,0.0
105,HEA,3,300,89.0,4.1,0.0
105,HEA,3,400,89.0,4.1,0.0
105,HEA,3,500,89.0,4.1,0.0
105,HEA,3,600,89.0,4.1,0.0
105,HEA,3,700,89.0,4.1,0.0
105,HEA,3,800,89.0,4.1,0.0
105,HEA,3,900,89.0,4.1,0.0
105,HEA,3,1000,100.0,4.6,0.096
105,HEA,3,1100,111.0,5.0,0.096
105,HEA,3,1200,122.0,5.5,0.096
105,HEA,3,1300,133.0,6.0,0.096
105,HEA,3,1400,145.0,6.5,0.096
105,HEA,3,1500,157.0,7.1,0.096
105,HEA,3,1600,169.0,7.6,0.192
105,HEA,3,1700,181.0,8.1,0.192
105,HEA,3,1800,194.0,8.7,0.192
105,HEA,3,1900,206.0,9.2,0.192
105,HEA,4,200,89.0,4.9,0.096
105,HEA,4,300,89.0,4.9,0.096
105,HEA,4,400,89.0,4.9,0.096
105,HEA,4,500,89.0,4.9,0.096
105,HEA,4,600,89.0,4.9,0.096
105,HEA,4,700,89.0,4.9,0.096
105,HEA,4,800,89.0,4.9,0.096
105,HEA,4,900,89.0,4.9,0.096
105,HEA,4,1000,89.0,4.9,0.096
105,HEA,4,1100,89.0,4.9,0.096
105,HEA,4,1200,89.0,4.9,0.096
105,HEA,4,1300,92.0,5.0,0.096
105,HEA,4,1400,100.0,5.4,0.096
105,HEA,4,1500,108.0,5.9,0.096
105,HEA,4,1600,116.0,6.3,0.096
105,HEA,4,1700,124.0,6.7,0.096
105,HEA,4,1800,133.0,7.2,0.096
105,HEA,4,1900,142.0,7.6,0.192
105,HEA,4,2000,150.0,8.1,0.192
105,HEA,4,2100,159.0,8.5,0.192
105,HEA,4,2200,169.0,9.0,0.192
105,HEA,4,2300,178.0,9.5,0.288
105,HEA,4,2400,187.0,9.9,0.288
105,HEA,4,2500,197.0,10.4,0.288
105,HEA,5,200,89.0,5.8,0.096
105,HEA,5,300,89.0,5.8,0.096
105,HEA,5,400,89.0,5.8,0.096
105,HEA,5,500,89.0,5.8,0.096
105,HEA,5,600,89.0,5.8,0.096
105,HEA,5,700,89.0,5.8,0.096
105,HEA,5,800,89.0,5.8,0.096
105,HEA,5,900,89.0,5.8,0.096
105,HEA,5,1000,89.0,5.8,0.096
105,HEA,5,1100,89.0,5.8,0.096
105,HEA,5,1200,89.0,5.8,0.096
105,HEA,5,1300,89.0,5.8,0.096
105,HEA,5,1400,89.0,5.8,0.096
105,HEA,5,1500,89.0,5.8,0.096
105,HEA,5,1600,89.0,5.8,0.096
105,HEA,5,1700,89.0,5.8,0.096
105,HEA,5,1800,92.0,6.0,0.096
105,HEA,5,1900,98.0,6.4,0.096
105,HEA,5,2000,105.0,6.7,0.096
105,HEA,5,2100,111.0,7.1,0.096
105,HEA,5,2200,117.0,7.5,0.192
105,HEA,5,2300,124.0,7.9,0.192
105,HEA,5,2400,130.0,8.3,0.192
105,HEA,5,2500,137.0,8.7,0.192
105,HEA,5,2600,144.0,9.1,0.192
105,HEA,5,2700,151.0,9.5,0.288
105,HEA,5,2800,158.0,10.0,0.288
105,HEA,5,2900,166.0,10.4,0.288
105,HEA,5,3000,173.0,10.8,0.288
105,HEA,5,3100,181.0,11.3,0.384
105,HEA,5,3200,188.0,11.7,0.384
105,HEA,6,200,89.0,6.7,0.096
105,HEA,6,300,89.0,6.7,0.096
105,HEA,6,400,89.0,6.7,0.096
105,HEA,6,500,89.0,6.7,0.096
105,HEA,6,600,89.0,6.7,0.096
105,HEA,6,700,89.0,6.7,0.096
105,HEA,6,800,89.0,6.7,0.096
105,HEA,6,900,89.0,6.7,0.096
105,HEA,6,1000,89.0,6.7,0.096
105,HEA,6,1100,89.0,6.7,0.096
105,HEA,6,1200,89.0,6.7,0.096
105,HEA,6,1300,89.0,6.7,0.096
105,HEA,6,1400,89.0,6.7,0.096
105,HEA,6,1500,89.0,6.7,0.096
105,HEA,6,1600,89.0,6.7,0.096
105,HEA,6,1700,89.0,6.7,0.096
105,HEA,6,1800,89.0,6.7,0.096
105,HEA,6,1900,89.0,6.7,0.096
105,HEA,6,2000,89.0,6.7,0.096
105,HEA,6,2100,89.0,6.7,0.096
105,HEA,6,2200,89.0,6.7,0.096
105,HEA,6,2300,90.0,6.8,0.096
105,HEA,6,2400,95.0,7.1,0.096
105,HEA,6,2500,100.0,7.5,0.192
105,HEA,6,2600,105.0,7.8,0.192
105,HEA,6,2700,111.0,8.2,0.192
105,HEA,6,2800,116.0,8.6,0.192
105,HEA,6,2900,121.0,8.9,0.192
105,HEA,6,3000,127.0,9.3,0.192
105,HEA,6,3100,132.0,9.7,0.288
105,HEA,6,3200,138.0,10.1,0.288
105,HEA,6,3300,144.0,10.5,0.288
105,HEA,6,3400,150.0,10.9,0.288
105,HEA,6,3500,156.0,11.3,0.288
105,HEA,6,3600,162.0,11.7,0.384
105,HEA,6,3700,169.0,12.1,0.384
105,HEA,6,3800,175.0,12.5,0.384
105,HEA,7,200,89.0,8.1,0.192
105,HEA,7,300,89.0,8.1,0.192
105,HEA,7,400,89.0,8.1,0.192
105,HEA,7,500,89.0,8.1,0.192
105,HEA,7,600,89.0,8.1,0.192
105,HEA,7,700,89.0,8.1,0.192
105,HEA,7,800,89.0,8.1,0.192
105,HEA,7,900,89.0,8.1,0.192
105,HEA,7,1000,89.0,8.1,0.192
105,HEA,7,1100,89.0,8.1,0.192
105,HEA,7,1200,89.0,8.1,0.192
105,HEA,7,1300,89.0,8.1,0.192
105,HEA,7,1400,89.0,8.1,0.192
105,HEA,7,1500,89.0,8.1,0.192
105,HEA,7,1600,89.0,8.1,0.192
105,HEA,7,1700,89.0,8.1,0.192
105,HEA,7,1800,89.0,8.1,0.192
105,HEA,7,1900,89.0,8.1,0.192
105,HEA,7,2000,89.0,8.1,0.192
105,HEA,7,2100,89.0,8.1,0.192
105,HEA,7,2200,89.0,8.1,0.192
105,HEA,7,2300,89.0,8.1,0.192
105,HEA,7,2400,89.0,8.1,0.192
105,HEA,7,2500,89.0,8.1,0.192
105,HEA,7,2600,89.0,8.1,0.192
105,HEA,7,2700,89.0,8.1,0.192
105,HEA,7,2800,89.0,8.1,0.192
105,HEA,7,2900,89.0,8.1,0.192
105,HEA,7,3000,89.0,8.1,0.192
105,HEA,7,3100,89.0,8.1,0.192
105,HEA,7,3200,90.0,8.1,0.192
105,HEA,7,3300,93.0,8.5,0.192
105,HEA,7,3400,97.0,8.8,0.192
105,HEA,7,3500,101.0,9.1,0.192
105,HEA,7,3600,105.0,9.4,0.192
105,HEA,7,3700,109.0,9.8,0.288
105,HEA,7,3800,114.0,10.1,0.288
105,HEA,7,3900,118.0,10.5,0.288
105,HEA,7,4000,122.0,10.8,0.288
105,HEA,7,4100,127.0,11.2,0.288
105,HEA,7,4200,132.0,11.5,0.384
105,HEA,7,4300,136.0,11.9,0.384
105,HEA,7,4400,141.0,12.3,0.384
105,HEA,7,4500,146.0,12.6,0.384
105,HEA,7,4600,151.0,13.0,0.48
105,HEA,7,4700,156.0,13.4,0.48
105,ILA,1,100,91.7,2.856,0.0
105,ILA,1,200,91.7,2.856,0.0
105,ILA,1,300,91.7,2.856,0.0
105,ILA,1,400,91.7,2.856,0.0
105,ILA,1,500,105.1,3.264,0.0
105,ILA,1,600,126.7,3.978,0.0
105,ILA,1,700,149.3,4.692,0.104
105,ILA,1,800,173.0,5.406,0.104
105,ILA,1,900,196.7,6.12,0.104
105,ILA,1,1000,221.5,6.834,0.104
105,ILA,1,1100,252.3,7.752,0.208
105,ILA,2,200,91.7,3.57,0.0
105,ILA,2,300,91.7,3.57,0.0
105,ILA,2,400,91.7,3.57,0.0
105,ILA,2,500,91.7,3.57,0.0
105,ILA,2,600,91.7,3.57,0.0
105,ILA,2,700,94.8,3.672,0.0
105,ILA,2,800,109.2,4.284,0.104
105,ILA,2,900,124.6,4.794,0.104
105,ILA,2,1000,139.1,5.406,0.104
105,ILA,2,1100,154.5,6.018,0.104
105,ILA,2,1200,170.0,6.63,0.104
105,ILA,2,1300,186.4,7.242,0.104
105,ILA,2,1400,202.9,7.854,0.208
105,ILA,2,1500,220.4,8.466,0.208
105,ILA,3,200,91.7,4.182,0.0
105,ILA,3,300,91.7,4.182,0.0
105,ILA,3,400,91.7,4.182,0.0
105,ILA,3,500,91.7,4.182,0.0
105,ILA,3,600,91.7,4.182,0.0
105,ILA,3,700,91.7,4.182,0.0
105,ILA,3,800,91.7,4.182,0.0
105,ILA,3,900,91.7,4.182,0.0
105,ILA,3,1000,103.0,4.692,0.104
105,ILA,3,1100,114.3,5.1,0.104
105,ILA,3,1200,125.7,5.61,0.104
105,ILA,3,1300,137.0,6.12,0.104
105,ILA,3,1400,149.3,6.63,0.104
105,ILA,3,1500,161.7,7.242,0.104
105,ILA,3,1600,174.1,7.752,0.208
105,ILA,3,1700,186.4,8.262,0.208
105,ILA,3,1800,199.8,8.874,0.208
105,ILA,3,1900,212.2,9.384,0.208
105,ILA,4,200,91.7,4.998,0.104
105,ILA,4,300,91.7,4.998,0.104
105,ILA,4,400,91.7,4.998,0.104
105,ILA,4,500,91.7,4.998,0.104
105,ILA,4,600,91.7,4.998,0.104
105,ILA,4,700,91.7,4.998,0.104
105,ILA,4,800,91.7,4.998,0.104
105,ILA,4,900,91.7,4.998,0.104
105,ILA,4,1000,91.7,4.998,0.104
105,ILA,4,1100,91.7,4.998,0.104
105,ILA,4,1200,91.7,4.998,0.104
105,ILA,4,1300,94.8,5.1,0.104
105,ILA,4,1400,103.0,5.508,0.104
105,ILA,4,1500,111.2,6.018,0.104
105,ILA,4,1600,119.5,6.426,0.104
105,ILA,4,1700,127.7,6.834,0.104
105,ILA,4,1800,137.0,7.344,0.104
105,ILA,4,1900,146.3,7.752,0.208
105,ILA,4,2000,154.5,8.262,0.208
105,ILA,4,2100,163.8,8.67,0.208
105,ILA,4,2200,174.1,9.18,0.208
105,ILA,4,2300,183.3,9.69,0.312
105,ILA,4,2400,192.6,10.098,0.312
105,ILA,4,2500,202.9,10.608,0.312
105,ILA,5,200,91.7,5.916,0.104
105,ILA,5,300,91.7,5.916,0.104
105,ILA,5,400,91.7,5.916,0.104
105,ILA,5,500,91.7,5.916,0.104
105,ILA,5,600,91.7,5.916,0.104
105,ILA,5,700,91.7,5.916,0.104
105,ILA,5,800,91.7,5.916,0.104
105,ILA,5,900,91.7,5.916,0.104
105,ILA,5,1000,91.7,5.916,0.104
105,ILA,5,1100,91.7,5.916,0.104
105,ILA,5,1200,91.7,5.916,0.104
105,ILA,5,1300,91.7,5.916,0.104
105,ILA,5,1400,91.7,5.916,0.104
105,ILA,5,1500,91.7,5.916,0.104
105,ILA,5,1600,91.7,5.916,0.104
105,ILA,5,1700,91.7,5.916,0.104
105,ILA,5,1800,94.8,6.12,0.104
105,ILA,5,1900,100.9,6.528,0.104
105,ILA,5,2000,108.2,6.834,0.104
105,ILA,5,2100,114.3,7.242,0.104
105,ILA,5,2200,120.5,7.65,0.208
105,ILA,5,2300,127.7,8.058,0.208
105,ILA,5,2400,133.9,8.466,0.208
105,ILA,5,2500,141.1,8.874,0.208
105,ILA,5,2600,148.3,9.282,0.208
105,ILA,5,2700,155.5,9.69,0.312
105,ILA,5,2800,162.7,10.2,0.312
105,ILA,5,2900,171.0,10.608,0.312
105,ILA,5,3000,178.2,11.016,0.312
105,ILA,5,3100,186.4,11.526,0.416
105,ILA,5,3200,193.6,11.934,0.416
105,ILA,6,200,91.7,6.834,0.104
105,ILA,6,300,91.7,6.834,0.104
105,ILA,6,400,91.7,6.834,0.104
105,ILA,6,500,91.7,6.834,0.104
105,ILA,6,600,91.7,6.834,0.104
105,ILA,6,700,91.7,6.834,0.104
105,ILA,6,800,91.7,6.834,0.104
105,ILA,6,900,91.7,6.834,0.104
105,ILA,6,1000,91.7,6.834,0.104
105,ILA,6,1100,91.7,6.834,0.104
105,ILA,6,1200,91.7,6.834,0.104
105,ILA,6,1300,91.7,6.834,0.104
105,ILA,6,1400,91.7,6.834,0.104
105,ILA,6,1500,91.7,6.834,0.104
105,ILA,6,1600,91.7,6.834,0.104
105,ILA,6,1700,91.7,6.834,0.104
105,ILA,6,1800,91.7,6.834,0.104
105,ILA,6,1900,91.7,6.834,0.104
105,ILA,6,2000,91.7,6.834,0.104
105,ILA,6,2100,91.7,6.834,0.104
105,ILA,6,2200,91.7,6.834,0.104
105,ILA,6,2300,92.7,6.936,0.104
105,ILA,6,2400,97.9,7.242,0.104
105,ILA,6,2500,103.0,7.65,0.208
105,ILA,6,2600,108.2,7.956,0.208
105,ILA,6,2700,114.3,8.364,0.208
105,ILA,6,2800,119.5,8.772,0.208
105,ILA,6,2900,124.6,9.078,0.208
105,ILA,6,3000,130.8,9.486,0.208
105,ILA,6,3100,136.0,9.894,0.312
105,ILA,6,3200,142.1,10.302,0.312
105,ILA,6,3300,148.3,10.71,0.312
105,ILA,6,3400,154.5,11.118,0.312
105,ILA,6,3500,160.7,11.526,0.312
105,ILA,6,3600,166.9,11.934,0.416
105,ILA,6,3700,174.1,12.342,0.416
105,ILA,6,3800,180.2,12.75,0.416
105,ILA,7,200,91.7,8.262,0.208
105,ILA,7,300,91.7,8.262,0.208
105,ILA,7,400,91.7,8.262,0.208
105,ILA,7,500,91.7,8.262,0.208
105,ILA,7,600,91.7,8.262,0.208
105,ILA,7,700,91.7,8.262,0.208
105,ILA,7,800,91.7,8.262,0.208
105,ILA,7,900,91.7,8.262,0.208
105,ILA,7,1000,91.7,8.262,0.208
105,ILA,7,1100,91.7,8.262,0.208
105,ILA,7,1200,91.7,8.262,0.208
105,ILA,7,1300,91.7,8.262,0.208
105,ILA,7,1400,91.7,8.262,0.208
105,ILA,7,1500,91.7,8.262,0.208
105,ILA,7,1600,91.7,8.262,0.208
105,ILA,7,1700,91.7,8.262,0.208
105,ILA,7,1800,91.7,8.262,0.208
105,ILA,7,1900,91.7,8.262,0.208
105,ILA,7,2000,91.7,8.262,0.208
105,ILA,7,2100,91.7,8.262,0.208
105,ILA,7,2200,91.7,8.262,0.208
105,ILA,7,2300,91.7,8.262,0.208
105,ILA,7,2400,91.7,8.262,0.208
105,ILA,7,2500,91.7,8.262,0.208
105,ILA,7,2600,91.7,8.262,0.208
105,ILA,7,2700,91.7,8.262,0.208
105,ILA,7,2800,91.7,8.262,0.208
105,ILA,7,2900,91.7,8.262,0.208
105,ILA,7,3000,91.7,8.262,0.208
105,ILA,7,3100,91.7,8.262,0.208
105,ILA,7,3200,92.7,8.262,0.208
105,ILA,7,3300,95.8,8.67,0.208
105,ILA,7,3400,99.9,8.976,0.208
105,ILA,7,3500,104.0,9.282,0.208
105,ILA,7,3600,108.2,9.588,0.208
105,ILA,7,3700,112.3,9.996,0.312
105,ILA,7,3800,117.4,10.302,0.312
105,ILA,7,3900,121.5,10.71,0.312
105,ILA,7,4000,125.7,11.016,0.312
105,ILA,7,4100,130.8,11.424,0.312
105,ILA,7,4200,136.0,11.73,0.416
105,ILA,7,4300,140.1,12.138,0.416
105,ILA,7,4400,145.2,12.546,0.416
105,ILA,7,4500,150.4,12.852,0.416
105,ILA,7,4600,155.5,13.26,0.52
105,ILA,7,4700,160.7,13.668,0.52
155,HEA,3G,3446,293.0,18.4,1.0
155,HEA,3G,3456,294.0,18.6,1.0
155,HEA,3G,3470,296.0,18.8,1.1
155,HEA,3G,3487,297.0,19.0,1.1
155,HEA,3G,3506,300.0,19.2,1.1
155,HEA,3G,3528,302.0,19.4,1.1
155,HEA,3G,3552,304.0,19.6,1.2
155,HEA,3G,3577,307.0,19.8,1.2
155,HEA,3G,3604,310.0,20.0,1.2
155,HEA,3G,3633,313.0,20.2,1.2
155,HEA,3G,3662,316.0,20.4,1.2
155,HEA,3G,3694,320.0,20.7,1.3
155,HEA,3G,3726,323.0,20.9,1.3
155,HEA,3G,3759,327.0,21.1,1.3
155,HEA,3G,3793,331.0,21.3,1.4
155,HEA,3G,3828,335.0,21.5,1.4
155,HEA,3G,3863,339.0,21.8,1.4
155,HEA,3G,3899,343.0,22.0,1.5
155,HEA,3G,3936,347.0,22.2,1.5
155,HEA,3G,3973,352.0,22.4,1.5
155,HEA,3G,4010,356.0,22.7,1.5
155,HEA,3G,4048,361.0,22.9,1.6
155,HEA,3G,4086,365.0,23.1,1.6
155,HEA,3G,4125,370.0,23.3,1.6
155,HEA,3G,4163,375.0,23.6,1.7
155,HEA,3G,4202,380.0,23.8,1.7
155,HEA,3G,4241,385.0,24.0,1.7
155,HEA,3G,4280,390.0,24.3,1.8
155,HEA,3G,4319,395.0,24.5,1.8
155,HEA,3G,4358,400.0,24.7,1.8
155,HEA,3G,4397,405.0,25.0,1.9
155,HEA,3G,4437,410.0,25.2,1.9
155,HEA,3G,4476,416.0,25.4,1.9
155,HEA,3G,4515,421.0,25.7,2.0
155,HEA,3G,4554,427.0,25.9,2.0
155,HEA,3G,4593,432.0,26.1,2.0
155,HEA,3G,4631,438.0,26.4,2.1
155,HEA,3G,4670,443.0,26.6,2.1
155,HEA,3G,4708,449.0,26.9,2.2
155,HEA,3G,4746,455.0,27.1,2.2
155,HEA,3G,4784,461.0,27.3,2.2
155,HEA,3G,4822,467.0,27.6,2.3
155,HEA,3G,4860,473.0,27.8,2.3
155,HEA,3G,4897,479.0,28.1,2.4
155,HEA,3G,4934,485.0,28.3,2.4
155,HEA,3G,4971,491.0,28.6,2.5
155,HEA,3G,5007,498.0,28.8,2.5
155,HEA,3G,5044,504.0,29.1,2.5
155,HEA,3G,5080,511.0,29.4,2.6
155,HEA,3G,5115,517.0,29.6,2.6
155,HEA,3G,5150,524.0,29.9,2.7
155,HEA,3G,5185,531.0,30.1,2.7
155,HEA,3G,5220,538.0,30.4,2.8
155,HEA,3G,5254,545.0,30.7,2.8
155,HEA,3G,5288,552.0,31.0,2.9
155,HEA,3G,5321,559.0,31.3,2.9
155,HEA,3G,5354,567.0,31.5,3.0
155,HEA,3G,5387,574.0,31.8,3.0
155,HEA,3G,5419,582.0,32.1,3.1
155,HEA,3G,5451,590.0,32.4,3.1
155,HEA,3G,5482,598.0,32.7,3.2
155,HEA,3G,5513,607.0,33.0,3.3
155,HEA,3G,5544,616.0,33.3,3.3
155,HEA,3G,5574,625.0,33.7,3.4
155,HEA,3G,5603,634.0,34.0,3.5
155,HEA,3G,5632,644.0,34.4,3.6
155,HEA,3G,5661,655.0,34.7,3.6
155,HEA,3G,5688,666.0,35.1,3.7
155,HEA,3G,5716,679.0,35.6,3.8
155,HEA,3W,3928,276.0,19.4,1.1
155,HEA,3W,3942,278.0,19.6,1.2
155,HEA,3W,3959,279.0,19.8,1.2
155,HEA,3W,3979,281.0,20.0,1.2
155,HEA,3W,4002,283.0,20.2,1.2
155,HEA,3W,4027,285.0,20.4,1.2
155,HEA,3W,4056,288.0,20.6,1.3
155,HEA,3W,4084,290.0,20.8,1.3
155,HEA,3W,4116,293.0,21.1,1.3
155,HEA,3W,4149,296.0,21.3,1.4
155,HEA,3W,4183,299.0,21.5,1.4
155,HEA,3W,4218,302.0,21.7,1.4
155,HEA,3W,4255,306.0,21.9,1.4
155,HEA,3W,4293,309.0,22.2,1.5
155,HEA,3W,4331,313.0,22.4,1.5
155,HEA,3W,4371,317.0,22.6,1.5
155,HEA,3W,4411,320.0,22.9,1.6
155,HEA,3W,4452,324.0,23.1,1.6
155,HEA,3W,4493,328.0,23.3,1.6
155,HEA,3W,4535,332.0,23.5,1.7
155,HEA,3W,4578,336.0,23.8,1.7
155,HEA,3W,4620,341.0,24.0,1.7
155,HEA,3W,4663,345.0,24.2,1.8
155,HEA,3W,4707,349.0,24.5,1.8
155,HEA,3W,4750,354.0,24.7,1.8
155,HEA,3W,4794,358.0,24.9,1.9
155,HEA,3W,4838,363.0,25.2,1.9
155,HEA,3W,4882,367.0,25.4,1.9
155,HEA,3W,4926,372.0,25.6,2.0
155,HEA,3W,4970,376.0,25.9,2.0
155,HEA,3W,5014,381.0,26.1,2.0
155,HEA,3W,5058,386.0,26.4,2.1
155,HEA,3W,5102,391.0,26.6,2.1
155,HEA,3W,5146,396.0,26.8,2.2
155,HEA,3W,5190,401.0,27.1,2.2
155,HEA,3W,5233,406.0,27.3,2.2
155,HEA,3W,5277,411.0,27.6,2.3
155,HEA,3W,5320,416.0,27.8,2.3
155,HEA,3W,5363,421.0,28.0,2.4
155,HEA,3W,5406,426.0,28.3,2.4
155,HEA,3W,5449,431.0,28.5,2.4
155,HEA,3W,5491,437.0,28.8,2.5
155,HEA,3W,5534,442.0,29.0,2.5
155,HEA,3W,5576,447.0,29.2,2.6
155,HEA,3W,5617,453.0,29.5,2.6
155,HEA,3W,5658,458.0,29.7,2.6
155,HEA,3W,5699,464.0,30.0,2.7
155,HEA,3W,5740,469.0,30.2,2.7
155,HEA,3W,5780,475.0,30.5,2.8
155,HEA,3W,5820,480.0,30.7,2.8
155,HEA,3W,5860,486.0,31.0,2.9
155,HEA,3W,5899,492.0,31.2,2.9
155,HEA,3W,5938,498.0,31.5,3.0
155,HEA,3W,5977,504.0,31.7,3.0
155,HEA,3W,6015,509.0,32.0,3.1
155,HEA,3W,6052,515.0,32.2,3.1
155,HEA,3W,6089,522.0,32.5,3.2
155,HEA,3W,6126,528.0,32.8,3.2
155,HEA,3W,6163,534.0,33.0,3.3
155,HEA,3W,6198,540.0,33.3,3.3
155,HEA,3W,6234,547.0,33.6,3.4
155,HEA,3W,6269,553.0,33.8,3.4
155,HEA,3W,6303,560.0,34.1,3.5
155,HEA,3W,6337,566.0,34.4,3.6
155,HEA,3W,6371,573.0,34.6,3.6
155,HEA,3W,6404,580.0,34.9,3.7
155,HEA,3W,6436,587.0,35.2,3.7
155,HEA,3W,6469,594.0,35.5,3.8
155,HEA,3W,6500,601.0,35.8,3.8
155,HEA,3W,6531,609.0,36.1,3.9
155,HEA,3W,6561,616.0,36.4,4.0
155,HEA,3W,6591,624.0,36.7,4.0
155,HEA,3W,6621,633.0,37.0,4.1
155,HEA,3W,6649,641.0,37.4,4.2
155,HEA,3W,6677,650.0,37.7,4.3
155,HEA,3W,6705,659.0,38.0,4.3
155,HEA,3W,6732,669.0,38.4,4.4
155,HEA,3W,6758,679.0,38.8,4.5
155,HEA,3W,6784,691.0,39.2,4.6
155,HEA,3W,6808,703.0,39.7,4.7
155,HEA,3W,6832,718.0,40.2,4.8
155,HEA,3W,6854,736.0,40.9,5.0
155,HEA,3W,6874,763.0,41.9,5.3
155,HEA,4G,4095,270.0,19.6,1.2
155,HEA,4G,4112,272.0,19.9,1.2
155,HEA,4G,4133,273.0,20.1,1.2
155,HEA,4G,4158,275.0,20.3,1.2
155,HEA,4G,4185,278.0,20.6,1.3
155,HEA,4G,4215,280.0,20.8,1.3
155,HEA,4G,4248,283.0,21.0,1.3
155,HEA,4G,4283,286.0,21.3,1.4
155,HEA,4G,4320,289.0,21.5,1.4
155,HEA,4G,4358,292.0,21.8,1.4
155,HEA,4G,4399,295.0,22.0,1.5
155,HEA,4G,4440,299.0,22.2,1.5
155,HEA,4G,4483,303.0,22.5,1.5
155,HEA,4G,4527,307.0,22.7,1.5
155,HEA,4G,4572,311.0,23.0,1.6
155,HEA,4G,4618,315.0,23.2,1.6
155,HEA,4G,4665,319.0,23.5,1.7
155,HEA,4G,4712,323.0,23.7,1.7
155,HEA,4G,4760,327.0,24.0,1.7
155,HEA,4G,4809,332.0,24.3,1.8
155,HEA,4G,4858,336.0,24.5,1.8
155,HEA,4G,4907,341.0,24.8,1.8
155,HEA,4G,4957,346.0,25.0,1.9
155,HEA,4G,5007,350.0,25.3,1.9
155,HEA,4G,5057,355.0,25.5,2.0
155,HEA,4G,5108,360.0,25.8,2.0
155,HEA,4G,5158,365.0,26.1,2.0
155,HEA,4G,5209,370.0,26.3,2.1
155,HEA,4G,5260,375.0,26.6,2.1
155,HEA,4G,5310,380.0,26.8,2.2
155,HEA,4G,5361,386.0,27.1,2.2
155,HEA,4G,5412,391.0,27.4,2.3
155,HEA,4G,5462,396.0,27.6,2.3
155,HEA,4G,5513,402.0,27.9,2.3
155,HEA,4G,5563,407.0,28.2,2.4
155,HEA,4G,5613,413.0,28.4,2.4
155,HEA,4G,5663,418.0,28.7,2.5
155,HEA,4G,5713,424.0,29.0,2.5
155,HEA,4G,5762,430.0,29.3,2.6
155,HEA,4G,5811,435.0,29.5,2.6
155,HEA,4G,5860,441.0,29.8,2.7
155,HEA,4G,5909,447.0,30.1,2.7
155,HEA,4G,5958,453.0,30.4,2.8
155,HEA,4G,6006,459.0,30.6,2.8
155,HEA,4G,6053,465.0,30.9,2.9
155,HEA,4G,6101,472.0,31.2,2.9
155,HEA,4G,6148,478.0,31.5,3.0
155,HEA,4G,6195,484.0,31.8,3.0
155,HEA,4G,6241,491.0,32.1,3.1
155,HEA,4G,6287,497.0,32.3,3.1
155,HEA,4G,6332,504.0,32.6,3.2
155,HEA,4G,6377,510.0,32.9,3.2
155,HEA,4G,6422,517.0,33.2,3.3
155,HEA,4G,6466,524.0,33.5,3.4
155,HEA,4G,6510,531.0,33.8,3.4
155,HEA,4G,6553,538.0,34.1,3.5
155,HEA,4G,6595,545.0,34.5,3.6
155,HEA,4G,6638,553.0,34.8,3.6
155,HEA,4G,6679,560.0,35.1,3.7
155,HEA,4G,6720,568.0,35.4,3.8
155,HEA,4G,6761,576.0,35.7,3.8
155,HEA,4G,6801,584.0,36.1,3.9
155,HEA,4G,6841,592.0,36.4,4.0
155,HEA,4G,6880,601.0,36.8,4.1
155,HEA,4G,6918,610.0,37.1,4.1
155,HEA,4G,6956,619.0,37.5,4.2
155,HEA,4G,6993,628.0,37.9,4.3
155,HEA,4G,7030,638.0,38.3,4.4
155,HEA,4G,7065,649.0,38.7,4.5
155,HEA,4G,7101,660.0,39.2,4.6
155,HEA,4G,7135,673.0,39.7,4.7
155,HEA,4G,7168,686.0,40.2,4.8
155,HEA,4G,7201,701.0,40.8,5.0
155,HEA,4G,7232,719.0,41.4,5.1
155,HEA,4G,7262,744.0,42.4,5.4
155,HEA,4W,4524,259.0,20.4,1.2
155,HEA,4W,4540,260.0,20.6,1.3
155,HEA,4W,4560,261.0,20.8,1.3
155,HEA,4W,4584,263.0,21.0,1.3
155,HEA,4W,4612,265.0,21.3,1.4
155,HEA,4W,4642,267.0,21.5,1.4
155,HEA,4W,4675,269.0,21.8,1.4
155,HEA,4W,4711,272.0,22.0,1.5
155,HEA,4W,4748,275.0,22.2,1.5
155,HEA,4W,4788,278.0,22.5,1.5
155,HEA,4W,4829,281.0,22.7,1.5
155,HEA,4W,4872,284.0,23.0,1.6
155,HEA,4W,4916,287.0,23.2,1.6
155,HEA,4W,4962,290.0,23.4,1.6
155,HEA,4W,5008,294.0,23.7,1.7
155,HEA,4W,5056,298.0,23.9,1.7
155,HEA,4W,5104,301.0,24.2,1.8
155,HEA,4W,5154,305.0,24.4,1.8
155,HEA,4W,5204,309.0,24.7,1.8
155,HEA,4W,5254,313.0,24.9,1.9
155,HEA,4W,5306,317.0,25.2,1.9
155,HEA,4W,5357,321.0,25.4,1.9
155,HEA,4W,5409,325.0,25.7,2.0
155,HEA,4W,5462,329.0,25.9,2.0
155,HEA,4W,5514,334.0,26.2,2.1
155,HEA,4W,5567,338.0,26.5,2.1
155,HEA,4W,5620,342.0,26.7,2.1
155,HEA,4W,5673,347.0,27.0,2.2
155,HEA,4W,5727,351.0,27.2,2.2
155,HEA,4W,5780,356.0,27.5,2.3
155,HEA,4W,5833,361.0,27.7,2.3
155,HEA,4W,5887,365.0,28.0,2.4
155,HEA,4W,5940,370.0,28.2,2.4
155,HEA,4W,5993,375.0,28.5,2.4
155,HEA,4W,6046,379.0,28.8,2.5
155,HEA,4W,6099,384.0,29.0,2.5
155,HEA,4W,6152,389.0,29.3,2.6
155,HEA,4W,6205,394.0,29.5,2.6
155,HEA,4W,6257,399.0,29.8,2.7
155,HEA,4W,6309,404.0,30.1,2.7
155,HEA,4W,6361,409.0,30.3,2.8
155,HEA,4W,6413,414.0,30.6,2.8
155,HEA,4W,6464,419.0,30.8,2.8
155,HEA,4W,6515,424.0,31.1,2.9
155,HEA,4W,6566,430.0,31.4,3.0
155,HEA,4W,6616,435.0,31.6,3.0
155,HEA,4W,6666,440.0,31.9,3.1
155,HEA,4W,6716,445.0,32.2,3.1
155,HEA,4W,6765,451.0,32.4,3.1
155,HEA,4W,6814,456.0,32.7,3.2
155,HEA,4W,6862,462.0,33.0,3.3
155,HEA,4W,6910,467.0,33.2,3.3
155,HEA,4W,6958,473.0,33.5,3.4
155,HEA,4W,7005,478.0,33.8,3.4
155,HEA,4W,7052,484.0,34.0,3.5
155,HEA,4W,7098,490.0,34.3,3.5
155,HEA,4W,7144,495.0,34.6,3.6
155,HEA,4W,7189,501.0,34.9,3.7
155,HEA,4W,7234,507.0,35.1,3.7
155,HEA,4W,7278,513.0,35.4,3.8
155,HEA,4W,7322,519.0,35.7,3.8
155,HEA,4W,7365,525.0,36.0,3.9
155,HEA,4W,7408,531.0,36.3,4.0
155,HEA,4W,7450,537.0,36.5,4.0
155,HEA,4W,7491,543.0,36.8,4.1
155,HEA,4W,7532,549.0,37.1,4.1
155,HEA,4W,7573,555.0,37.4,4.2
155,HEA,4W,7613,561.0,37.7,4.3
155,HEA,4W,7652,567.0,38.0,4.3
155,HEA,4W,7690,574.0,38.3,4.4
155,HEA,4W,7728,580.0,38.6,4.5
155,HEA,4W,7766,587.0,38.9,4.5
155,HEA,4W,7803,594.0,39.2,4.6
155,HEA,4W,7839,601.0,39.6,4.7
155,HEA,4W,7875,608.0,39.9,4.8
155,HEA,4W,7910,616.0,40.2,4.8
155,HEA,4W,7944,624.0,40.6,4.9
155,HEA,4W,7978,632.0,40.9,5.0
155,HEA,4W,8011,641.0,41.3,5.1
155,HEA,4W,8043,650.0,41.6,5.2
155,HEA,4W,8075,660.0,42.0,5.3
155,HEA,4W,8106,670.0,42.4,5.4
155,HEA,4W,8135,682.0,42.9,5.5
155,HEA,4W,8164,695.0,43.4,5.7
155,HEA,4W,8191,712.0,44.0,5.8
155,HEA,4W,8217,735.0,44.9,6.0
155,HEA,5G,4944,254.0,21.4,1.3
155,HEA,5G,4960,255.0,21.7,1.4
155,HEA,5G,4981,256.0,21.9,1.4
155,HEA,5G,5007,258.0,22.1,1.4
155,HEA,5G,5036,260.0,22.3,1.4
155,HEA,5G,5069,262.0,22.6,1.5
155,HEA,5G,5105,265.0,22.9,1.5
155,HEA,5G,5143,267.0,23.1,1.5
155,HEA,5G,5184,270.0,23.4,1.6
155,HEA,5G,5227,273.0,23.7,1.6
155,HEA,5G,5273,276.0,23.9,1.7
155,HEA,5G,5320,279.0,24.2,1.7
155,HEA,5G,5368,282.0,24.4,1.7
155,HEA,5G,5418,286.0,24.7,1.8
155,HEA,5G,5469,289.0,25.0,1.8
155,HEA,5G,5522,293.0,25.2,1.8
155,HEA,5G,5575,296.0,25.5,1.9
155,HEA,5G,5630,300.0,25.8,1.9
155,HEA,5G,5685,304.0,26.0,2.0
155,HEA,5G,5741,308.0,26.3,2.0
155,HEA,5G,5798,312.0,26.6,2.1
155,HEA,5G,5855,316.0,26.8,2.1
155,HEA,5G,5912,321.0,27.1,2.1
155,HEA,5G,5970,325.0,27.4,2.2
155,HEA,5G,6029,329.0,27.6,2.2
155,HEA,5G,6088,334.0,27.9,2.3
155,HEA,5G,6146,338.0,28.2,2.3
155,HEA,5G,6206,343.0,28.5,2.4
155,HEA,5G,6265,347.0,28.7,2.4
155,HEA,5G,6324,352.0,29.0,2.4
155,HEA,5G,6384,357.0,29.3,2.5
155,HEA,5G,6443,361.0,29.6,2.5
155,HEA,5G,6503,366.0,29.8,2.6
155,HEA,5G,6562,371.0,30.1,2.6
155,HEA,5G,6622,376.0,30.4,2.7
155,HEA,5G,6681,381.0,30.7,2.7
155,HEA,5G,6740,386.0,30.9,2.8
155,HEA,5G,6799,391.0,31.2,2.8
155,HEA,5G,6858,396.0,31.5,2.9
155,HEA,5G,6917,401.0,31.8,2.9
155,HEA,5G,6975,406.0,32.1,3.0
155,HEA,5G,7033,411.0,32.3,3.0
155,HEA,5G,7091,417.0,32.6,3.1
155,HEA,5G,7148,422.0,32.9,3.1
155,HEA,5G,7206,427.0,33.2,3.2
155,HEA,5G,7262,433.0,33.5,3.3
155,HEA,5G,7319,438.0,33.8,3.3
155,HEA,5G,7375,444.0,34.1,3.4
155,HEA,5G,7431,449.0,34.3,3.4
155,HEA,5G,7486,455.0,34.6,3.5
155,HEA,5G,7541,460.0,34.9,3.5
155,HEA,5G,7595,466.0,35.2,3.6
155,HEA,5G,7649,472.0,35.5,3.7
155,HEA,5G,7703,477.0,35.8,3.7
155,HEA,5G,7756,483.0,36.1,3.8
155,HEA,5G,7809,489.0,36.4,3.8
155,HEA,5G,7861,495.0,36.7,3.9
155,HEA,5G,7912,501.0,37.0,4.0
155,HEA,5G,7963,507.0,37.3,4.0
155,HEA,5G,8014,513.0,37.6,4.1
155,HEA,5G,8064,519.0,37.9,4.2
155,HEA,5G,8114,526.0,38.2,4.2
155,HEA,5G,8163,532.0,38.5,4.3
155,HEA,5G,8211,539.0,38.8,4.4
155,HEA,5G,8259,544.0,39.2,4.5
155,HEA,5G,8306,550.0,39.5,4.5
155,HEA,5G,8353,557.0,39.8,4.6
155,HEA,5G,8399,563.0,40.1,4.7
155,HEA,5G,8444,572.0,40.5,4.8
155,HEA,5G,8489,579.0,40.8,4.8
155,HEA,5G,8533,586.0,41.1,4.9
155,HEA,5G,8577,594.0,41.5,5.0
155,HEA,5G,8619,601.0,41.8,5.1
155,HEA,5G,8662,609.0,42.2,5.2
155,HEA,5G,8703,617.0,42.6,5.3
155,HEA,5G,8744,625.0,42.9,5.3
155,HEA,5G,8784,634.0,43.3,5.4
155,HEA,5G,8823,642.0,43.7,5.5
155,HEA,5G,8862,652.0,44.1,5.6
155,HEA,5G,8900,661.0,44.6,5.8
155,HEA,5G,8937,671.0,45.0,5.9
155,HEA,5G,8973,682.0,45.5,6.0
155,HEA,5G,9008,694.0,46.0,6.1
155,HEA,5G,9042,707.0,46.6,6.3
155,HEA,5G,9075,723.0,47.3,6.5
155,HEA,5G,9106,742.0,48.1,6.7
155,HEA,5G,9133,774.0,49.4,7.1
155,HEA,5W,5191,243.0,21.8,1.4
155,HEA,5W,5213,244.0,22.0,1.4
155,HEA,5W,5239,246.0,22.3,1.4
155,HEA,5W,5270,248.0,22.5,1.5
155,HEA,5W,5304,250.0,22.8,1.5
155,HEA,5W,5341,252.0,23.1,1.5
155,HEA,5W,5381,254.0,23.3,1.6
155,HEA,5W,5424,257.0,23.6,1.6
155,HEA,5W,5469,260.0,23.8,1.6
155,HEA,5W,5516,263.0,24.1,1.7
155,HEA,5W,5565,266.0,24.4,1.7
155,HEA,5W,5615,269.0,24.6,1.8
155,HEA,5W,5667,272.0,24.9,1.8
155,HEA,5W,5721,276.0,25.1,1.8
155,HEA,5W,5775,279.0,25.4,1.9
155,HEA,5W,5831,283.0,25.7,1.9
155,HEA,5W,5887,286.0,25.9,1.9
155,HEA,5W,5945,290.0,26.2,2.0
155,HEA,5W,6003,294.0,26.5,2.0
155,HEA,5W,6062,298.0,26.7,2.1
155,HEA,5W,6121,302.0,27.0,2.1
155,HEA,5W,6181,306.0,27.3,2.2
155,HEA,5W,6241,310.0,27.5,2.2
155,HEA,5W,6302,314.0,27.8,2.2
155,HEA,5W,6363,318.0,28.1,2.3
155,HEA,5W,6425,322.0,28.4,2.3
155,HEA,5W,6486,327.0,28.6,2.4
155,HEA,5W,6548,331.0,28.9,2.4
155,HEA,5W,6610,335.0,29.2,2.5
155,HEA,5W,6671,340.0,29.4,2.5
155,HEA,5W,6733,344.0,29.7,2.6
155,HEA,5W,6795,349.0,30.0,2.6
155,HEA,5W,6857,353.0,30.3,2.7
155,HEA,5W,6919,358.0,30.5,2.7
155,HEA,5W,6981,363.0,30.8,2.8
155,HEA,5W,7042,367.0,31.1,2.8
155,HEA,5W,7104,372.0,31.4,2.9
155,HEA,5W,7165,377.0,31.6,2.9
155,HEA,5W,7226,382.0,31.9,3.0
155,HEA,5W,7287,386.0,32.2,3.0
155,HEA,5W,7348,391.0,32.5,3.1
155,HEA,5W,7408,396.0,32.8,3.1
155,HEA,5W,7468,401.0,33.0,3.2
155,HEA,5W,7528,406.0,33.3,3.2
155,HEA,5W,7588,411.0,33.6,3.3
155,HEA,5W,7647,416.0,33.9,3.3
155,HEA,5W,7705,421.0,34.2,3.4
155,HEA,5W,7764,426.0,34.4,3.4
155,HEA,5W,7822,432.0,34.7,3.5
155,HEA,5W,7880,437.0,35.0,3.6
155,HEA,5W,7937,442.0,35.3,3.6
155,HEA,5W,7993,447.0,35.6,3.7
155,HEA,5W,8050,452.0,35.8,3.7
155,HEA,5W,8105,458.0,36.1,3.8
155,HEA,5W,8161,463.0,36.4,3.8
155,HEA,5W,8215,468.0,36.7,3.9
155,HEA,5W,8269,474.0,37.0,4.0
155,HEA,5W,8323,479.0,37.3,4.0
155,HEA,5W,8376,485.0,37.6,4.1
155,HEA,5W,8429,490.0,37.9,4.2
155,HEA,5W,8481,496.0,38.1,4.2
155,HEA,5W,8533,501.0,38.4,4.3
155,HEA,5W,8584,507.0,38.7,4.3
155,HEA,5W,8634,513.0,39.0,4.4
155,HEA,5W,8684,519.0,39.3,4.5
155,HEA,5W,8734,524.0,39.6,4.5
155,HEA,5W,8782,530.0,39.9,4.6
155,HEA,5W,8830,536.0,40.2,4.7
155,HEA,5W,8878,542.0,40.5,4.8
155,HEA,5W,8925,548.0,40.8,4.8
155,HEA,5W,8971,554.0,41.1,4.9
155,HEA,5W,9017,560.0,41.4,5.0
155,HEA,5W,9062,567.0,41.7,5.0
155,HEA,5W,9106,573.0,42.1,5.1
155,HEA,5W,9150,579.0,42.4,5.2
155,HEA,5W,9193,586.0,42.7,5.3
155,HEA,5W,9235,592.0,43.0,5.4
155,HEA,5W,9277,599.0,43.3,5.4
155,HEA,5W,9317,606.0,43.7,5.5
155,HEA,5W,9358,613.0,44.0,5.6
155,HEA,5W,9397,620.0,44.4,5.7
155,HEA,5W,9436,627.0,44.7,5.8
155,HEA,5W,9474,635.0,45.1,5.9
155,HEA,5W,9511,642.0,45.4,6.0
155,HEA,5W,9548,650.0,45.8,6.1
155,HEA,5W,9583,658.0,46.2,6.2
155,HEA,5W,9618,667.0,46.6,6.3
155,HEA,5W,9652,676.0,47.0,6.4
155,HEA,5W,9685,685.0,47.4,6.5
155,HEA,5W,9718,695.0,47.9,6.7
155,HEA,5W,9749,706.0,48.4,6.8
155,HEA,5W,9779,718.0,48.9,6.9
155,HEA,5W,9808,732.0,49.5,7.1
155,HEA,5W,9836,750.0,50.3,7.3
155,HEA,5W,9859,779.0,51.6,7.7
155,HEA,6W,5971,219.0,22.8,1.5
155,HEA,6W,5993,220.0,23.1,1.5
155,HEA,6W,6022,222.0,23.4,1.5
155,HEA,6W,6056,224.0,23.7,1.6
155,HEA,6W,6095,226.0,24.0,1.6
155,HEA,6W,6139,228.0,24.3,1.7
155,HEA,6W,6186,230.0,24.6,1.7
155,HEA,6W,6236,233.0,24.9,1.7
155,HEA,6W,6289,236.0,25.2,1.8
155,HEA,6W,6345,239.0,25.5,1.8
155,HEA,6W,6402,242.0,25.8,1.9
155,HEA,6W,6462,245.0,26.0,1.9
155,HEA,6W,6523,248.0,26.3,1.9
155,HEA,6W,6586,252.0,26.6,2.0
155,HEA,6W,6651,255.0,26.9,2.0
155,HEA,6W,6716,259.0,27.2,2.1
155,HEA,6W,6782,262.0,27.5,2.1
155,HEA,6W,6850,266.0,27.8,2.2
155,HEA,6W,6918,270.0,28.1,2.2
155,HEA,6W,6987,274.0,28.4,2.3
155,HEA,6W,7056,278.0,28.7,2.3
155,HEA,6W,7126,282.0,29.0,2.4
155,HEA,6W,7197,286.0,29.3,2.4
155,HEA,6W,7267,290.0,29.6,2.5
155,HEA,6W,7338,294.0,29.9,2.5
155,HEA,6W,7410,298.0,30.2,2.6
155,HEA,6W,7481,303.0,30.5,2.6
155,HEA,6W,7553,307.0,30.8,2.7
155,HEA,6W,7625,311.0,31.0,2.7
155,HEA,6W,7696,316.0,31.3,2.7
155,HEA,6W,7768,320.0,31.6,2.8
155,HEA,6W,7840,325.0,31.9,2.8
155,HEA,6W,7912,329.0,32.2,2.9
155,HEA,6W,7984,334.0,32.5,3.0
155,HEA,6W,8055,338.0,32.8,3.0
155,HEA,6W,8127,343.0,33.1,3.1
155,HEA,6W,8198,347.0,33.4,3.1
155,HEA,6W,8269,352.0,33.7,3.2
155,HEA,6W,8340,357.0,34.0,3.2
155,HEA,6W,8411,361.0,34.3,3.3
155,HEA,6W,8481,366.0,34.6,3.4
155,HEA,6W,8551,371.0,34.9,3.4
155,HEA,6W,8621,376.0,35.2,3.5
155,HEA,6W,8691,380.0,35.5,3.5
155,HEA,6W,8760,385.0,35.8,3.6
155,HEA,6W,8829,390.0,36.1,3.6
155,HEA,6W,8897,395.0,36.4,3.7
155,HEA,6W,8965,400.0,36.7,3.8
155,HEA,6W,9033,405.0,37.0,3.8
155,HEA,6W,9100,410.0,37.3,3.9
155,HEA,6W,9167,415.0,37.6,4.0
155,HEA,6W,9233,420.0,37.9,4.0
155,HEA,6W,9299,425.0,38.2,4.1
155,HEA,6W,9364,430.0,38.5,4.2
155,HEA,6W,9429,435.0,38.8,4.2
155,HEA,6W,9494,440.0,39.1,4.3
155,HEA,6W,9558,446.0,39.4,4.3
155,HEA,6W,9622,451.0,39.7,4.4
155,HEA,6W,9685,456.0,40.0,4.5
155,HEA,6W,9747,461.0,40.3,4.5
155,HEA,6W,9809,466.0,40.6,4.6
155,HEA,6W,9871,471.0,40.9,4.7
155,HEA,6W,9931,477.0,41.2,4.8
155,HEA,6W,9992,482.0,41.5,4.8
155,HEA,6W,10051,487.0,41.8,4.9
155,HEA,6W,10111,493.0,42.1,5.0
155,HEA,6W,10169,498.0,42.4,5.0
155,HEA,6W,10227,504.0,42.7,5.1
155,HEA,6W,10284,510.0,43.0,5.2
155,HEA,6W,10341,515.0,43.4,5.3
155,HEA,6W,10397,521.0,43.7,5.3
155,HEA,6W,10453,527.0,44.0,5.4
155,HEA,6W,10508,532.0,44.3,5.5
155,HEA,6W,10562,538.0,44.6,5.6
155,HEA,6W,10615,544.0,44.9,5.6
155,HEA,6W,10668,550.0,45.3,5.7
155,HEA,6W,10720,555.0,45.6,5.8
155,HEA,6W,10771,561.0,45.9,5.9
155,HEA,6W,10821,567.0,46.2,6.0
155,HEA,6W,10871,573.0,46.5,6.1
155,HEA,6W,10920,579.0,46.9,6.2
155,HEA,6W,10968,585.0,47.2,6.2
155,HEA,6W,11016,592.0,47.5,6.3
155,HEA,6W,11063,598.0,47.9,6.4
155,HEA,6W,11109,604.0,48.2,6.5
155,HEA,6W,11154,611.0,48.6,6.6
155,HEA,6W,11198,617.0,48.9,6.7
155,HEA,6W,11242,624.0,49.3,6.8
155,HEA,6W,11285,631.0,49.6,6.9
155,HEA,6W,11327,638.0,50.0,7.0
155,HEA,6W,11368,645.0,50.4,7.1
155,HEA,6W,11409,652.0,50.7,7.2
155,HEA,6W,11449,660.0,51.1,7.3
155,HEA,6W,11487,667.0,51.5,7.4
155,HEA,6W,11525,675.0,51.9,7.5
155,HEA,6W,11562,684.0,52.4,7.7
155,HEA,6W,11598,692.0,52.8,7.8
155,HEA,6W,11634,702.0,53.3,8.0
155,HEA,6W,11668,711.0,53.8,8.1
155,HEA,6W,11701,722.0,54.3,8.3
155,HEA,6W,11733,734.0,54.9,8.4
155,HEA,6W,11763,748.0,55.6,8.7
155,HEA,6W,11792,767.0,56.5,8.9
155,HEA,7W,7206,197.0,24.8,1.7
155,HEA,7W,7243,199.0,25.2,1.7
155,HEA,7W,7286,200.0,25.5,1.8
155,HEA,7W,7336,203.0,25.9,1.8
155,HEA,7W,7392,205.0,26.2,1.9
155,HEA,7W,7452,208.0,26.6,1.9
155,HEA,7W,7515,210.0,26.9,2.0
155,HEA,7W,7582,213.0,27.3,2.0
155,HEA,7W,7652,216.0,27.6,2.1
155,HEA,7W,7723,219.0,27.9,2.1
155,HEA,7W,7797,223.0,28.3,2.2
155,HEA,7W,7873,226.0,28.6,2.2
155,HEA,7W,7950,230.0,29.0,2.3
155,HEA,7W,8028,233.0,29.3,2.3
155,HEA,7W,8107,237.0,29.6,2.4
155,HEA,7W,8187,241.0,30.0,2.4
155,HEA,7W,8268,244.0,30.3,2.5
155,HEA,7W,8349,248.0,30.6,2.5
155,HEA,7W,8431,252.0,31.0,2.6
155,HEA,7W,8513,256.0,31.3,2.6
155,HEA,7W,8596,260.0,31.6,2.7
155,HEA,7W,8679,264.0,32.0,2.8
155,HEA,7W,8762,268.0,32.3,2.8
155,HEA,7W,8845,273.0,32.6,2.9
155,HEA,7W,8928,277.0,32.9,2.9
155,HEA,7W,9012,281.0,33.3,3.0
155,HEA,7W,9095,285.0,33.6,3.0
155,HEA,7W,9178,290.0,33.9,3.1
155,HEA,7W,9261,294.0,34.2,3.2
155,HEA,7W,9344,298.0,34.6,3.2
155,HEA,7W,9427,303.0,34.9,3.3
155,HEA,7W,9509,307.0,35.2,3.3
155,HEA,7W,9591,312.0,35.5,3.4
155,HEA,7W,9674,316.0,35.8,3.5
155,HEA,7W,9755,321.0,36.2,3.5
155,HEA,7W,9837,325.0,36.5,3.6
155,HEA,7W,9918,330.0,36.8,3.7
155,HEA,7W,9999,334.0,37.1,3.7
155,HEA,7W,10080,339.0,37.4,3.8
155,HEA,7W,10160,344.0,37.8,3.9
155,HEA,7W,10240,348.0,38.1,3.9
155,HEA,7W,10319,353.0,38.4,4.0
155,HEA,7W,10398,358.0,38.7,4.0
155,HEA,7W,10477,362.0,39.0,4.1
155,HEA,7W,10555,367.0,39.4,4.2
155,HEA,7W,10633,372.0,39.7,4.3
155,HEA,7W,10710,377.0,40.0,4.3
155,HEA,7W,10787,382.0,40.3,4.4
155,HEA,7W,10864,386.0,40.6,4.5
155,HEA,7W,10940,391.0,40.9,4.5
155,HEA,7W,11015,396.0,41.3,4.6
155,HEA,7W,11090,401.0,41.6,4.7
155,HEA,7W,11165,406.0,41.9,4.7
155,HEA,7W,11239,411.0,42.2,4.8
155,HEA,7W,11312,416.0,42.5,4.9
155,HEA,7W,11385,421.0,42.9,5.0
155,HEA,7W,11458,426.0,43.2,5.0
155,HEA,7W,11530,431.0,43.5,5.1
155,HEA,7W,11601,436.0,43.8,5.2
155,HEA,7W,11672,441.0,44.1,5.3
155,HEA,7W,11742,446.0,44.5,5.3
155,HEA,7W,11812,451.0,44.8,5.4
155,HEA,7W,11881,456.0,45.1,5.5
155,HEA,7W,11950,461.0,45.4,5.6
155,HEA,7W,12017,466.0,45.7,5.6
155,HEA,7W,12085,472.0,46.1,5.7
155,HEA,7W,12151,477.0,46.4,5.8
155,HEA,7W,12217,482.0,46.7,5.9
155,HEA,7W,12282,487.0,47.0,6.0
155,HEA,7W,12347,492.0,47.4,6.1
155,HEA,7W,12411,498.0,47.7,6.1
155,HEA,7W,12474,503.0,48.0,6.2
155,HEA,7W,12537,508.0,48.3,6.3
155,HEA,7W,12599,514.0,48.7,6.4
155,HEA,7W,12660,519.0,49.0,6.5
155,HEA,7W,12720,525.0,49.3,6.6
155,HEA,7W,12780,530.0,49.7,6.7
155,HEA,7W,12839,535.0,50.0,6.8
155,HEA,7W,12898,541.0,50.3,6.8
155,HEA,7W,12956,547.0,50.7,6.9
155,HEA,7W,13013,552.0,51.0,7.0
155,HEA,7W,13069,558.0,51.3,7.1
155,HEA,7W,13124,563.0,51.7,7.2
155,HEA,7W,13179,569.0,52.0,7.3
155,HEA,7W,13233,575.0,52.4,7.4
155,HEA,7W,13286,581.0,52.7,7.5
155,HEA,7W,13339,587.0,53.0,7.6
155,HEA,7W,13391,593.0,53.4,7.7
155,HEA,7W,13442,599.0,53.8,7.8
155,HEA,7W,13492,605.0,54.1,7.9
155,HEA,7W,13541,611.0,54.5,8.0
155,HEA,7W,13590,617.0,54.8,8.1
155,HEA,7W,13637,623.0,55.2,8.2
155,HEA,7W,13684,630.0,55.6,8.3
155,HEA,7W,13730,636.0,55.9,8.4
155,HEA,7W,13775,643.0,56.3,8.6
155,HEA,7W,13820,650.0,56.7,8.7
155,HEA,7W,13863,657.0,57.1,8.8
155,HEA,7W,13905,664.0,57.5,8.9
155,HEA,7W,13947,671.0,57.9,9.1
155,HEA,7W,13987,679.0,58.4,9.2
155,HEA,7W,14027,687.0,58.8,9.3
155,HEA,7W,14065,695.0,59.3,9.5
155,HEA,7W,14102,703.0,59.8,9.7
155,HEA,7W,14138,713.0,60.3,9.8
155,HEA,7W,14173,722.0,60.8,10.0
155,HEA,7W,14207,733.0,61.4,10.2
155,HEA,7W,14240,746.0,62.1,10.4
155,HEA,7W,14270,761.0,62.9,10.7
155,HEA,7W,14298,786.0,64.3,11.2
155,HEA,8,8777,173.0,26.3,1.7
155,HEA,8,8820,175.0,26.8,1.8
155,HEA,8,8874,176.0,27.2,1.8
155,HEA,8,8937,178.0,27.6,1.9
155,HEA,8,9007,181.0,28.0,2.0
155,HEA,8,9084,183.0,28.5,2.0
155,HEA,8,9166,186.0,28.9,2.1
155,HEA,8,9252,189.0,29.3,2.1
155,HEA,8,9341,192.0,29.7,2.2
155,HEA,8,9433,195.0,30.1,2.3
155,HEA,8,9527,199.0,30.5,2.3
155,HEA,8,9623,202.0,30.9,2.4
155,HEA,8,9721,206.0,31.3,2.4
155,HEA,8,9819,209.0,31.7,2.5
155,HEA,8,9919,213.0,32.1,2.6
155,HEA,8,10019,217.0,32.5,2.6
155,HEA,8,10119,221.0,32.9,2.7
155,HEA,8,10220,225.0,33.3,2.8
155,HEA,8,10321,229.0,33.7,2.8
155,HEA,8,10422,233.0,34.1,2.9
155,HEA,8,10523,237.0,34.4,3.0
155,HEA,8,10625,241.0,34.8,3.0
155,HEA,8,10726,245.0,35.2,3.1
155,HEA,8,10826,249.0,35.6,3.2
155,HEA,8,10927,253.0,35.9,3.2
155,HEA,8,11027,257.0,36.3,3.3
155,HEA,8,11127,262.0,36.7,3.4
155,HEA,8,11227,266.0,37.1,3.4
155,HEA,8,11326,270.0,37.4,3.5
155,HEA,8,11425,275.0,37.8,3.6
155,HEA,8,11523,279.0,38.2,3.6
155,HEA,8,11621,283.0,38.5,3.7
155,HEA,8,11719,288.0,38.9,3.8
155,HEA,8,11816,292.0,39.2,3.8
155,HEA,8,11912,297.0,39.6,3.9
155,HEA,8,12009,301.0,40.0,4.0
155,HEA,8,12104,306.0,40.3,4.1
155,HEA,8,12199,310.0,40.7,4.1
155,HEA,8,12294,315.0,41.0,4.2
155,HEA,8,12388,319.0,41.4,4.3
155,HEA,8,12481,324.0,41.7,4.3
155,HEA,8,12574,329.0,42.1,4.4
155,HEA,8,12667,333.0,42.5,4.5
155,HEA,8,12759,338.0,42.8,4.6
155,HEA,8,12850,343.0,43.2,4.7
155,HEA,8,12941,347.0,43.5,4.7
155,HEA,8,13031,352.0,43.9,4.8
155,HEA,8,13120,357.0,44.2,4.9
155,HEA,8,13209,362.0,44.6,5.0
155,HEA,8,13298,366.0,44.9,5.0
155,HEA,8,13386,371.0,45.3,5.1
155,HEA,8,13473,376.0,45.6,5.2
155,HEA,8,13560,381.0,46.0,5.3
155,HEA,8,13646,386.0,46.3,5.4
155,HEA,8,13731,390.0,46.7,5.5
155,HEA,8,13816,395.0,47.0,5.5
155,HEA,8,13900,400.0,47.4,5.6
155,HEA,8,13984,405.0,47.7,5.7
155,HEA,8,14067,410.0,48.1,5.8
155,HEA,8,14149,415.0,48.4,5.9
155,HEA,8,14231,420.0,48.8,6.0
155,HEA,8,14312,425.0,49.1,6.0
155,HEA,8,14392,430.0,49.5,6.1
155,HEA,8,14472,435.0,49.8,6.2
155,HEA,8,14551,440.0,50.2,6.3
155,HEA,8,14630,445.0,50.5,6.4
155,HEA,8,14708,450.0,50.9,6.5
155,HEA,8,14785,455.0,51.2,6.6
155,HEA,8,14861,460.0,51.6,6.7
155,HEA,8,14937,465.0,51.9,6.7
155,HEA,8,15012,470.0,52.3,6.8
155,HEA,8,15087,475.0,52.6,6.9
155,HEA,8,15161,480.0,53.0,7.0
155,HEA,8,15234,485.0,53.3,7.1
155,HEA,8,15307,490.0,53.7,7.2
155,HEA,8,15378,495.0,54.0,7.3
155,HEA,8,15449,500.0,54.4,7.4
155,HEA,8,15520,506.0,54.7,7.5
155,HEA,8,15589,511.0,55.1,7.6
155,HEA,8,15658,516.0,55.5,7.7
155,HEA,8,15727,521.0,55.8,7.8
155,HEA,8,15794,526.0,56.2,7.9
155,HEA,8,15861,532.0,56.5,8.0
155,HEA,8,15927,537.0,56.9,8.1
155,HEA,8,15992,542.0,57.2,8.2
155,HEA,8,16057,548.0,57.6,8.3
155,HEA,8,16121,553.0,58.0,8.4
155,HEA,8,16184,558.0,58.3,8.5
155,HEA,8,16246,564.0,58.7,8.6
155,HEA,8,16308,569.0,59.0,8.7
155,HEA,8,16369,575.0,59.4,8.8
155,HEA,8,16429,580.0,59.8,8.9
155,HEA,8,16488,586.0,60.1,9.0
155,HEA,8,16546,591.0,60.5,9.2
155,HEA,8,16604,597.0,60.9,9.3
155,HEA,8,16660,603.0,61.3,9.4
155,HEA,8,16716,608.0,61.6,9.5
155,HEA,8,16771,614.0,62.0,9.6
155,HEA,8,16824,620.0,62.4,9.7
155,HEA,8,16877,625.0,62.8,9.9
155,HEA,8,16929,631.0,63.2,10.0
155,HEA,8,16980,637.0,63.5,10.1
155,HEA,8,17030,643.0,63.9,10.2
155,HEA,8,17079,649.0,64.3,10.3
155,HEA,8,17128,655.0,64.7,10.5
155,HEA,8,17175,661.0,65.1,10.6
155,HEA,8,17221,668.0,65.5,10.7
155,HEA,8,17266,674.0,66.0,10.9
155,HEA,8,17310,681.0,66.4,11.0
155,HEA,8,17353,687.0,66.8,11.2
155,HEA,8,17396,694.0,67.3,11.3
155,HEA,8,17437,701.0,67.7,11.5
155,HEA,8,17477,709.0,68.2,11.6
155,HEA,8,17516,716.0,68.7,11.8
155,HEA,8,17553,724.0,69.2,12.0
155,HEA,8,17590,733.0,69.7,12.1
155,HEA,8,17626,742.0,70.3,12.4
155,HEA,8,17660,752.0,70.9,12.6
155,HEA,8,17693,764.0,71.7,12.9
155,HEA,8,17724,778.0,72.5,13.1
155,HEA,8,17752,801.0,74.0,13.7
155,M4A2,3G,3446,293.0,18.4,1.0
155,M4A2,3G,3456,294.0,18.6,1.0
155,M4A2,3G,3470,296.0,18.8,1.1
155,M4A2,3G,3487,297.0,19.0,1.1
155,M4A2,3G,3506,300.0,19.2,1.1
155,M4A2,3G,3528,302.0,19.4,1.1
155,M4A2,3G,3552,304.0,19.6,1.2
155,M4A2,3G,3577,307.0,19.8,1.2
155,M4A2,3G,3604,310.0,20.0,1.2
155,M4A2,3G,3633,313.0,20.2,1.2
155,M4A2,3G,3662,316.0,20.4,1.2
155,M4A2,3G,3694,320.0,20.7,1.3
155,M4A2,3G,3726,323.0,20.9,1.3
155,M4A2,3G,3759,327.0,21.1,1.3
155,M4A2,3G,3793,331.0,21.3,1.4
155,M4A2,3G,3828,335.0,21.5,1.4
155,M4A2,3G,3863,339.0,21.8,1.4
155,M4A2,3G,3899,343.0,22.0,1.5
155,M4A2,3G,3936,347.0,22.2,1.5
155,M4A2,3G,3973,352.0,22.4,1.5
155,M4A2,3G,4010,356.0,22.7,1.5
155,M4A2,3G,4048,361.0,22.9,1.6
155,M4A2,3G,4086,365.0,23.1,1.6
155,M4A2,3G,4125,370.0,23.3,1.6
155,M4A2,3G,4163,375.0,23.6,1.7
155,M4A2,3G,4202,380.0,23.8,1.7
155,M4A2,3G,4241,385.0,24.0,1.7
155,M4A2,3G,4280,390.0,24.3,1.8
155,M4A2,3G,4319,395.0,24.5,1.8
155,M4A2,3G,4358,400.0,24.7,1.8
155,M4A2,3G,4397,405.0,25.0,1.9
155,M4A2,3G,4437,410.0,25.2,1.9
155,M4A2,3G,4476,416.0,25.4,1.9
155,M4A2,3G,4515,421.0,25.7,2.0
155,M4A2,3G,4554,427.0,25.9,2.0
155,M4A2,3G,4593,432.0,26.1,2.0
155,M4A2,3G,4631,438.0,26.4,2.1
155,M4A2,3G,4670,443.0,26.6,2.1
155,M4A2,3G,4708,449.0,26.9,2.2
155,M4A2,3G,4746,455.0,27.1,2.2
155,M4A2,3G,4784,461.0,27.3,2.2
155,M4A2,3G,4822,467.0,27.6,2.3
155,M4A2,3G,4860,473.0,27.8,2.3
155,M4A2,3G,4897,479.0,28.1,2.4
155,M4A2,3G,4934,485.0,28.3,2.4
155,M4A2,3G,4971,491.0,28.6,2.5
155,M4A2,3G,5007,498.0,28.8,2.5
155,M4A2,3G,5044,504.0,29.1,2.5
155,M4A2,3G,5080,511.0,29.4,2.6
155,M4A2,3G,5115,517.0,29.6,2.6
155,M4A2,3G,5150,524.0,29.9,2.7
155,M4A2,3G,5185,531.0,30.1,2.7
155,M4A2,3G,5220,538.0,30.4,2.8
155,M4A2,3G,5254,545.0,30.7,2.8
155,M4A2,3G,5288,552.0,31.0,2.9
155,M4A2,3G,5321,559.0,31.3,2.9
155,M4A2,3G,5354,567.0,31.5,3.0
155,M4A2,3G,5387,574.0,31.8,3.0
155,M4A2,3G,5419,582.0,32.1,3.1
155,M4A2,3G,5451,590.0,32.4,3.1
155,M4A2,3G,5482,598.0,32.7,3.2
155,M4A2,3G,5513,607.0,33.0,3.3
155,M4A2,3G,5544,616.0,33.3,3.3
155,M4A2,3G,5574,625.0,33.7,3.4
155,M4A2,3G,5603,634.0,34.0,3.5
155,M4A2,3G,5632,644.0,34.4,3.6
155,M4A2,3G,5661,655.0,34.7,3.6
155,M4A2,3G,5688,666.0,35.1,3.7
155,M4A2,3G,5716,679.0,35.6,3.8
155,M4A2,3W,3928,276.0,19.4,1.1
155,M4A2,3W,3942,278.0,19.6,1.2
155,M4A2,3W,3959,279.0,19.8,1.2
155,M4A2,3W,3979,281.0,20.0,1.2
155,M4A2,3W,4002,283.0,20.2,1.2
155,M4A2,3W,4027,285.0,20.4,1.2
155,M4A2,3W,4056,288.0,20.6,1.3
155,M4A2,3W,4084,290.0,20.8,1.3
155,M4A2,3W,4116,293.0,21.1,1.3
155,M4A2,3W,4149,296.0,21.3,1.4
155,M4A2,3W,4183,299.0,21.5,1.4
155,M4A2,3W,4218,302.0,21.7,1.4
155,M4A2,3W,4255,306.0,21.9,1.4
155,M4A2,3W,4293,309.0,22.2,1.5
155,M4A2,3W,4331,313.0,22.4,1.5
155,M4A2,3W,4371,317.0,22.6,1.5
155,M4A2,3W,4411,320.0,22.9,1.6
155,M4A2,3W,4452,324.0,23.1,1.6
155,M4A2,3W,4493,328.0,23.3,1.6
155,M4A2,3W,4535,332.0,23.5,1.7
155,M4A2,3W,4578,336.0,23.8,1.7
155,M4A2,3W,4620,341.0,24.0,1.7
155,M4A2,3W,4663,345.0,24.2,1.8
155,M4A2,3W,4707,349.0,24.5,1.8
155,M4A2,3W,4750,354.0,24.7,1.8
155,M4A2,3W,4794,358.0,24.9,1.9
155,M4A2,3W,4838,363.0,25.2,1.9
155,M4A2,3W,4882,367.0,25.4,1.9
155,M4A2,3W,4926,372.0,25.6,2.0
155,M4A2,3W,4970,376.0,25.9,2.0
155,M4A2,3W,5014,381.0,26.1,2.0
155,M4A2,3W,5058,386.0,26.4,2.1
155,M4A2,3W,5102,391.0,26.6,2.1
155,M4A2,3W,5146,396.0,26.8,2.2
155,M4A2,3W,5190,401.0,27.1,2.2
155,M4A2,3W,5233,406.0,27.3,2.2
155,M4A2,3W,5277,411.0,27.6,2.3
155,M4A2,3W,5320,416.0,27.8,2.3
155,M4A2,3W,5363,421.0,28.0,2.4
155,M4A2,3W,5406,426.0,28.3,2.4
155,M4A2,3W,5449,431.0,28.5,2.4
155,M4A2,3W,5491,437.0,28.8,2.5
155,M4A2,3W,5534,442.0,29.0,2.5
155,M4A2,3W,5576,447.0,29.2,2.6
155,M4A2,3W,5617,453.0,29.5,2.6
155,M4A2,3W,5658,458.0,29.7,2.6
155,M4A2,3W,5699,464.0,30.0,2.7
155,M4A2,3W,5740,469.0,30.2,2.7
155,M4A2,3W,5780,475.0,30.5,2.8
155,M4A2,3W,5820,480.0,30.7,2.8
155,M4A2,3W,5860,486.0,31.0,2.9
155,M4A2,3W,5899,492.0,31.2,2.9
155,M4A2,3W,5938,498.0,31.5,3.0
155,M4A2,3W,5977,504.0,31.7,3.0
155,M4A2,3W,6015,509.0,32.0,3.1
155,M4A2,3W,6052,515.0,32.2,3.1
155,M4A2,3W,6089,522.0,32.5,3.2
155,M4A2,3W,6126,528.0,32.8,3.2
155,M4A2,3W,6163,534.0,33.0,3.3
155,M4A2,3W,6198,540.0,33.3,3.3
155,M4A2,3W,6234,547.0,33.6,3.4
155,M4A2,3W,6269,553.0,33.8,3.4
155,M4A2,3W,6303,560.0,34.1,3.5
155,M4A2,3W,6337,566.0,34.4,3.6
155,M4A2,3W,6371,573.0,34.6,3.6
155,M4A2,3W,6404,580.0,34.9,3.7
155,M4A2,3W,6436,587.0,35.2,3.7
155,M4A2,3W,6469,594.0,35.5,3.8
155,M4A2,3W,6500,601.0,35.8,3.8
155,M4A2,3W,6531,609.0,36.1,3.9
155,M4A2,3W,6561,616.0,36.4,4.0
155,M4A2,3W,6591,624.0,36.7,4.0
155,M4A2,3W,6621,633.0,37.0,4.1
155,M4A2,3W,6649,641.0,37.4,4.2
155,M4A2,3W,6677,650.0,37.7,4.3
155,M4A2,3W,6705,659.0,38.0,4.3
155,M4A2,3W,6732,669.0,38.4,4.4
155,M4A2,3W,6758,679.0,38.8,4.5
155,M4A2,3W,6784,691.0,39.2,4.6
155,M4A2,3W,6808,703.0,39.7,4.7
155,M4A2,3W,6832,718.0,40.2,4.8
155,M4A2,3W,6854,736.0,40.9,5.0
155,M4A2,3W,6874,763.0,41.9,5.3
155,M4A2,4G,4095,270.0,19.6,1.2
155,M4A2,4G,4112,272.0,19.9,1.2
155,M4A2,4G,4133,273.0,20.1,1.2
155,M4A2,4G,4158,275.0,20.3,1.2
155,M4A2,4G,4185,278.0,20.6,1.3
155,M4A2,4G,4215,280.0,20.8,1.3
155,M4A2,4G,4248,283.0,21.0,1.3
155,M4A2,4G,4283,286.0,21.3,1.4
155,M4A2,4G,4320,289.0,21.5,1.4
155,M4A2,4G,4358,292.0,21.8,1.4
155,M4A2,4G,4399,295.0,22.0,1.5
155,M4A2,4G,4440,299.0,22.2,1.5
155,M4A2,4G,4483,303.0,22.5,1.5
155,M4A2,4G,4527,307.0,22.7,1.5
155,M4A2,4G,4572,311.0,23.0,1.6
155,M4A2,4G,4618,315.0,23.2,1.6
155,M4A2,4G,4665,319.0,23.5,1.7
155,M4A2,4G,4712,323.0,23.7,1.7
155,M4A2,4G,4760,327.0,24.0,1.7
155,M4A2,4G,4809,332.0,24.3,1.8
155,M4A2,4G,4858,336.0,24.5,1.8
155,M4A2,4G,4907,341.0,24.8,1.8
155,M4A2,4G,4957,346.0,25.0,1.9
155,M4A2,4G,5007,350.0,25.3,1.9
155,M4A2,4G,5057,355.0,25.5,2.0
155,M4A2,4G,5108,360.0,25.8,2.0
155,M4A2,4G,5158,365.0,26.1,2.0
155,M4A2,4G,5209,370.0,26.3,2.1
155,M4A2,4G,5260,375.0,26.6,2.1
155,M4A2,4G,5310,380.0,26.8,2.2
155,M4A2,4G,5361,386.0,27.1,2.2
155,M4A2,4G,5412,391.0,27.4,2.3
155,M4A2,4G,5462,396.0,27.6,2.3
155,M4A2,4G,5513,402.0,27.9,2.3
155,M4A2,4G,5563,407.0,28.2,2.4
155,M4A2,4G,5613,413.0,28.4,2.4
155,M4A2,4G,5663,418.0,28.7,2.5
155,M4A2,4G,5713,424.0,29.0,2.5
155,M4A2,4G,5762,430.0,29.3,2.6
155,M4A2,4G,5811,435.0,29.5,2.6
155,M4A2,4G,5860,441.0,29.8,2.7
155,M4A2,4G,5909,447.0,30.1,2.7
155,M4A2,4G,5958,453.0,30.4,2.8
155,M4A2,4G,6006,459.0,30.6,2.8
155,M4A2,4G,6053,465.0,30.9,2.9
155,M4A2,4G,6101,472.0,31.2,2.9
155,M4A2,4G,6148,478.0,31.5,3.0
155,M4A2,4G,6195,484.0,31.8,3.0
155,M4A2,4G,6241,491.0,32.1,3.1
155,M4A2,4G,6287,497.0,32.3,3.1
155,M4A2,4G,6332,504.0,32.6,3.2
155,M4A2,4G,6377,510.0,32.9,3.2
155,M4A2,4G,6422,517.0,33.2,3.3
155,M4A2,4G,6466,524.0,33.5,3.4
155,M4A2,4G,6510,531.0,33.8,3.4
155,M4A2,4G,6553,538.0,34.1,3.5
155,M4A2,4G,6595,545.0,34.5,3.6
155,M4A2,4G,6638,553.0,34.8,3.6
155,M4A2,4G,6679,560.0,35.1,3.7
155,M4A2,4G,6720,568.0,35.4,3.8
155,M4A2,4G,6761,576.0,35.7,3.8
155,M4A2,4G,6801,584.0,36.1,3.9
155,M4A2,4G,6841,592.0,36.4,4.0
155,M4A2,4G,6880,601.0,36.8,4.1
155,M4A2,4G,6918,610.0,37.1,4.1
155,M4A2,4G,6956,619.0,37.5,4.2
155,M4A2,4G,6993,628.0,37.9,4.3
155,M4A2,4G,7030,638.0,38.3,4.4
155,M4A2,4G,7065,649.0,38.7,4.5
155,M4A2,4G,7101,660.0,39.2,4.6
155,M4A2,4G,7135,673.0,39.7,4.7
155,M4A2,4G,7168,686.0,40.2,4.8
155,M4A2,4G,7201,701.0,40.8,5.0
155,M4A2,4G,7232,719.0,41.4,5.1
155,M4A2,4G,7262,744.0,42.4,5.4
155,M4A2,4W,4524,259.0,20.4,1.2
155,M4A2,4W,4540,260.0,20.6,1.3
155,M4A2,4W,4560,261.0,20.8,1.3
155,M4A2,4W,4584,263.0,21.0,1.3
155,M4A2,4W,4612,265.0,21.3,1.4
155,M4A2,4W,4642,267.0,21.5,1.4
155,M4A2,4W,4675,269.0,21.8,1.4
155,M4A2,4W,4711,272.0,22.0,1.5
155,M4A2,4W,4748,275.0,22.2,1.5
155,M4A2,4W,4788,278.0,22.5,1.5
155,M4A2,4W,4829,281.0,22.7,1.5
155,M4A2,4W,4872,284.0,23.0,1.6
155,M4A2,4W,4916,287.0,23.2,1.6
155,M4A2,4W,4962,290.0,23.4,1.6
155,M4A2,4W,5008,294.0,23.7,1.7
155,M4A2,4W,5056,298.0,23.9,1.7
155,M4A2,4W,5104,301.0,24.2,1.8
155,M4A2,4W,5154,305.0,24.4,1.8
155,M4A2,4W,5204,309.0,24.7,1.8
155,M4A2,4W,5254,313.0,24.9,1.9
155,M4A2,4W,5306,317.0,25.2,1.9
155,M4A2,4W,5357,321.0,25.4,1.9
155,M4A2,4W,5409,325.0,25.7,2.0
155,M4A2,4W,5462,329.0,25.9,2.0
155,M4A2,4W,5514,334.0,26.2,2.1
155,M4A2,4W,5567,338.0,26.5,2.1
155,M4A2,4W,5620,342.0,26.7,2.1
155,M4A2,4W,5673,347.0,27.0,2.2
155,M4A2,4W,5727,351.0,27.2,2.2
155,M4A2,4W,5780,356.0,27.5,2.3
155,M4A2,4W,5833,361.0,27.7,2.3
155,M4A2,4W,5887,365.0,28.0,2.4
155,M4A2,4W,5940,370.0,28.2,2.4
155,M4A2,4W,5993,375.0,28.5,2.4
155,M4A2,4W,6046,379.0,28.8,2.5
155,M4A2,4W,6099,384.0,29.0,2.5
155,M4A2,4W,6152,389.0,29.3,2.6
155,M4A2,4W,6205,394.0,29.5,2.6
155,M4A2,4W,6257,399.0,29.8,2.7
155,M4A2,4W,6309,404.0,30.1,2.7
155,M4A2,4W,6361,409.0,30.3,2.8
155,M4A2,4W,6413,414.0,30.6,2.8
155,M4A2,4W,6464,419.0,30.8,2.8
155,M4A2,4W,6515,424.0,31.1,2.9
155,M4A2,4W,6566,430.0,31.4,3.0
155,M4A2,4W,6616,435.0,31.6,3.0
155,M4A2,4W,6666,440.0,31.9,3.1
155,M4A2,4W,6716,445.0,32.2,3.1
155,M4A2,4W,6765,451.0,32.4,3.1
155,M4A2,4W,6814,456.0,32.7,3.2
155,M4A2,4W,6862,462.0,33.0,3.3
155,M4A2,4W,6910,467.0,33.2,3.3
155,M4A2,4W,6958,473.0,33.5,3.4
155,M4A2,4W,7005,478.0,33.8,3.4
155,M4A2,4W,7052,484.0,34.0,3.5
155,M4A2,4W,7098,490.0,34.3,3.5
155,M4A2,4W,7144,495.0,34.6,3.6
155,M4A2,4W,7189,501.0,34.9,3.7
155,M4A2,4W,7234,507.0,35.1,3.7
155,M4A2,4W,7278,513.0,35.4,3.8
155,M4A2,4W,7322,519.0,35.7,3.8
155,M4A2,4W,7365,525.0,36.0,3.9
155,M4A2,4W,7408,531.0,36.3,4.0
155,M4A2,4W,7450,537.0,36.5,4.0
155,M4A2,4W,7491,543.0,36.8,4.1
155,M4A2,4W,7532,549.0,37.1,4.1
155,M4A2,4W,7573,555.0,37.4,4.2
155,M4A2,4W,7613,561.0,37.7,4.3
155,M4A2,4W,7652,567.0,38.0,4.3
155,M4A2,4W,7690,574.0,38.3,4.4
155,M4A2,4W,7728,580.0,38.6,4.5
155,M4A2,4W,7766,587.0,38.9,4.5
155,M4A2,4W,7803,594.0,39.2,4.6
155,M4A2,4W,7839,601.0,39.6,4.7
155,M4A2,4W,7875,608.0,39.9,4.8
155,M4A2,4W,7910,616.0,40.2,4.8
155,M4A2,4W,7944,624.0,40.6,4.9
155,M4A2,4W,7978,632.0,40.9,5.0
155,M4A2,4W,8011,641.0,41.3,5.1
155,M4A2,4W,8043,650.0,41.6,5.2
155,M4A2,4W,8075,660.0,42.0,5.3
155,M4A2,4W,8106,670.0,42.4,5.4
155,M4A2,4W,8135,682.0,42.9,5.5
155,M4A2,4W,8164,695.0,43.4,5.7
155,M4A2,4W,8191,712.0,44.0,5.8
155,M4A2,4W,8217,735.0,44.9,6.0
155,M4A2,5G,4944,254.0,21.4,1.3
155,M4A2,5G,4960,255.0,21.7,1.4
155,M4A2,5G,4981,256.0,21.9,1.4
155,M4A2,5G,5007,258.0,22.1,1.4
155,M4A2,5G,5036,260.0,22.3,1.4
155,M4A2,5G,5069,262.0,22.6,1.5
155,M4A2,5G,5105,265.0,22.9,1.5
155,M4A2,5G,5143,267.0,23.1,1.5
155,M4A2,5G,5184,270.0,23.4,1.6
155,M4A2,5G,5227,273.0,23.7,1.6
155,M4A2,5G,5273,276.0,23.9,1.7
155,M4A2,5G,5320,279.0,24.2,1.7
155,M4A2,5G,5368,282.0,24.4,1.7
155,M4A2,5G,5418,286.0,24.7,1.8
155,M4A2,5G,5469,289.0,25.0,1.8
155,M4A2,5G,5522,293.0,25.2,1.8
155,M4A2,5G,5575,296.0,25.5,1.9
155,M4A2,5G,5630,300.0,25.8,1.9
155,M4A2,5G,5685,304.0,26.0,2.0
155,M4A2,5G,5741,308.0,26.3,2.0
155,M4A2,5G,5798,312.0,26.6,2.1
155,M4A2,5G,5855,316.0,26.8,2.1
155,M4A2,5G,5912,321.0,27.1,2.1
155,M4A2,5G,5970,325.0,27.4,2.2
155,M4A2,5G,6029,329.0,27.6,2.2
155,M4A2,5G,6088,334.0,27.9,2.3
155,M4A2,5G,6146,338.0,28.2,2.3
155,M4A2,5G,6206,343.0,28.5,2.4
155,M4A2,5G,6265,347.0,28.7,2.4
155,M4A2,5G,6324,352.0,29.0,2.4
155,M4A2,5G,6384,357.0,29.3,2.5
155,M4A2,5G,6443,361.0,29.6,2.5
155,M4A2,5G,6503,366.0,29.8,2.6
155,M4A2,5G,6562,371.0,30.1,2.6
155,M4A2,5G,6622,376.0,30.4,2.7
155,M4A2,5G,6681,381.0,30.7,2.7
155,M4A2,5G,6740,386.0,30.9,2.8
155,M4A2,5G,6799,391.0,31.2,2.8
155,M4A2,5G,6858,396.0,31.5,2.9
155,M4A2,5G,6917,401.0,31.8,2.9
155,M4A2,5G,6975,406.0,32.1,3.0
155,M4A2,5G,7033,411.0,32.3,3.0
155,M4A2,5G,7091,417.0,32.6,3.1
155,M4A2,5G,7148,422.0,32.9,3.1
155,M4A2,5G,7206,427.0,33.2,3.2
155,M4A2,5G,7262,433.0,33.5,3.3
155,M4A2,5G,7319,438.0,33.8,3.3
155,M4A2,5G,7375,444.0,34.1,3.4
155,M4A2,5G,7431,449.0,34.3,3.4
155,M4A2,5G,7486,455.0,34.6,3.5
155,M4A2,5G,7541,460.0,34.9,3.5
155,M4A2,5G,7595,466.0,35.2,3.6
155,M4A2,5G,7649,472.0,35.5,3.7
155,M4A2,5G,7703,477.0,35.8,3.7
155,M4A2,5G,7756,483.0,36.1,3.8
155,M4A2,5G,7809,489.0,36.4,3.8
155,M4A2,5G,7861,495.0,36.7,3.9
155,M4A2,5G,7912,501.0,37.0,4.0
155,M4A2,5G,7963,507.0,37.3,4.0
155,M4A2,5G,8014,513.0,37.6,4.1
155,M4A2,5G,8064,519.0,37.9,4.2
155,M4A2,5G,8114,526.0,38.2,4.2
155,M4A2,5G,8163,532.0,38.5,4.3
155,M4A2,5G,8211,539.0,38.8,4.4
155,M4A2,5G,8259,544.0,39.2,4.5
155,M4A2,5G,8306,550.0,39.5,4.5
155,M4A2,5G,8353,557.0,39.8,4.6
155,M4A2,5G,8399,563.0,40.1,4.7
155,M4A2,5G,8444,572.0,40.5,4.8
155,M4A2,5G,8489,579.0,40.8,4.8
155,M4A2,5G,8533,586.0,41.1,4.9
155,M4A2,5G,8577,594.0,41.5,5.0
155,M4A2,5G,8619,601.0,41.8,5.1
155,M4A2,5G,8662,609.0,42.2,5.2
155,M4A2,5G,8703,617.0,42.6,5.3
155,M4A2,5G,8744,625.0,42.9,5.3
155,M4A2,5G,8784,634.0,43.3,5.4
155,M4A2,5G,8823,642.0,43.7,5.5
155,M4A2,5G,8862,652.0,44.1,5.6
155,M4A2,5G,8900,661.0,44.6,5.8
155,M4A2,5G,8937,671.0,45.0,5.9
155,M4A2,5G,8973,682.0,45.5,6.0
155,M4A2,5G,9008,694.0,46.0,6.1
155,M4A2,5G,9042,707.0,46.6,6.3
155,M4A2,5G,9075,723.0,47.3,6.5
155,M4A2,5G,9106,742.0,48.1,6.7
155,M4A2,5G,9133,774.0,49.4,7.1
155,M4A2,5W,5191,243.0,21.8,1.4
155,M4A2,5W,5213,244.0,22.0,1.4
155,M4A2,5W,5239,246.0,22.3,1.4
155,M4A2,5W,5270,248.0,22.5,1.5
155,M4A2,5W,5304,250.0,22.8,1.5
155,M4A2,5W,5341,252.0,23.1,1.5
155,M4A2,5W,5381,254.0,23.3,1.6
155,M4A2,5W,5424,257.0,23.6,1.6
155,M4A2,5W,5469,260.0,23.8,1.6
155,M4A2,5W,5516,263.0,24.1,1.7
155,M4A2,5W,5565,266.0,24.4,1.7
155,M4A2,5W,5615,269.0,24.6,1.8
155,M4A2,5W,5667,272.0,24.9,1.8
155,M4A2,5W,5721,276.0,25.1,1.8
155,M4A2,5W,5775,279.0,25.4,1.9
155,M4A2,5W,5831,283.0,25.7,1.9
155,M4A2,5W,5887,286.0,25.9,1.9
155,M4A2,5W,5945,290.0,26.2,2.0
155,M4A2,5W,6003,294.0,26.5,2.0
155,M4A2,5W,6062,298.0,26.7,2.1
155,M4A2,5W,6121,302.0,27.0,2.1
155,M4A2,5W,6181,306.0,27.3,2.2
155,M4A2,5W,6241,310.0,27.5,2.2
155,M4A2,5W,6302,314.0,27.8,2.2
155,M4A2,5W,6363,318.0,28.1,2.3
155,M4A2,5W,6425,322.0,28.4,2.3
155,M4A2,5W,6486,327.0,28.6,2.4
155,M4A2,5W,6548,331.0,28.9,2.4
155,M4A2,5W,6610,335.0,29.2,2.5
155,M4A2,5W,6671,340.0,29.4,2.5
155,M4A2,5W,6733,344.0,29.7,2.6
155,M4A2,5W,6795,349.0,30.0,2.6
155,M4A2,5W,6857,353.0,30.3,2.7
155,M4A2,5W,6919,358.0,30.5,2.7
155,M4A2,5W,6981,363.0,30.8,2.8
155,M4A2,5W,7042,367.0,31.1,2.8
155,M4A2,5W,7104,372.0,31.4,2.9
155,M4A2,5W,7165,377.0,31.6,2.9
155,M4A2,5W,7226,382.0,31.9,3.0
155,M4A2,5W,7287,386.0,32.2,3.0
155,M4A2,5W,7348,391.0,32.5,3.1
155,M4A2,5W,7408,396.0,32.8,3.1
155,M4A2,5W,7468,401.0,33.0,3.2
155,M4A2,5W,7528,406.0,33.3,3.2
155,M4A2,5W,7588,411.0,33.6,3.3
155,M4A2,5W,7647,416.0,33.9,3.3
155,M4A2,5W,7705,421.0,34.2,3.4
155,M4A2,5W,7764,426.0,34.4,3.4
155,M4A2,5W,7822,432.0,34.7,3.5
155,M4A2,5W,7880,437.0,35.0,3.6
155,M4A2,5W,7937,442.0,35.3,3.6
155,M4A2,5W,7993,447.0,35.6,3.7
155,M4A2,5W,8050,452.0,35.8,3.7
155,M4A2,5W,8105,458.0,36.1,3.8
155,M4A2,5W,8161,463.0,36.4,3.8
155,M4A2,5W,8215,468.0,36.7,3.9
155,M4A2,5W,8269,474.0,37.0,4.0
155,M4A2,5W,8323,479.0,37.3,4.0
155,M4A2,5W,8376,485.0,37.6,4.1
155,M4A2,5W,8429,490.0,37.9,4.2
155,M4A2,5W,8481,496.0,38.1,4.2
155,M4A2,5W,8533,501.0,38.4,4.3
155,M4A2,5W,8584,507.0,38.7,4.3
155,M4A2,5W,8634,513.0,39.0,4.4
155,M4A2,5W,8684,519.0,39.3,4.5
155,M4A2,5W,8734,524.0,39.6,4.5
155,M4A2,5W,8782,530.0,39.9,4.6
155,M4A2,5W,8830,536.0,40.2,4.7
155,M4A2,5W,8878,542.0,40.5,4.8
155,M4A2,5W,8925,548.0,40.8,4.8
155,M4A2,5W,8971,554.0,41.1,4.9
155,M4A2,5W,9017,560.0,41.4,5.0
155,M4A2,5W,9062,567.0,41.7,5.0
155,M4A2,5W,9106,573.0,42.1,5.1
155,M4A2,5W,9150,579.0,42.4,5.2
155,M4A2,5W,9193,586.0,42.7,5.3
155,M4A2,5W,9235,592.0,43.0,5.4
155,M4A2,5W,9277,599.0,43.3,5.4
155,M4A2,5W,9317,606.0,43.7,5.5
155,M4A2,5W,9358,613.0,44.0,5.6
155,M4A2,5W,9397,620.0,44.4,5.7
155,M4A2,5W,9436,627.0,44.7,5.8
155,M4A2,5W,9474,635.0,45.1,5.9
155,M4A2,5W,9511,642.0,45.4,6.0
155,M4A2,5W,9548,650.0,45.8,6.1
155,M4A2,5W,9583,658.0,46.2,6.2
155,M4A2,5W,9618,667.0,46.6,6.3
155,M4A2,5W,9652,676.0,47.0,6.4
155,M4A2,5W,9685,685.0,47.4,6.5
155,M4A2,5W,9718,695.0,47.9,6.7
155,M4A2,5W,9749,706.0,48.4,6.8
155,M4A2,5W,9779,718.0,48.9,6.9
155,M4A2,5W,9808,732.0,49.5,7.1
155,M4A2,5W,9836,750.0,50.3,7.3
155,M4A2,5W,9859,779.0,51.6,7.7
155,M4A2,6W,5971,219.0,22.8,1.5
155,M4A2,6W,5993,220.0,23.1,1.5
155,M4A2,6W,6022,222.0,23.4,1.5
155,M4A2,6W,6056,224.0,23.7,1.6
155,M4A2,6W,6095,226.0,24.0,1.6
155,M4A2,6W,6139,228.0,24.3,1.7
155,M4A2,6W,6186,230.0,24.6,1.7
155,M4A2,6W,6236,233.0,24.9,1.7
155,M4A2,6W,6289,236.0,25.2,1.8
155,M4A2,6W,6345,239.0,25.5,1.8
155,M4A2,6W,6402,242.0,25.8,1.9
155,M4A2,6W,6462,245.0,26.0,1.9
155,M4A2,6W,6523,248.0,26.3,1.9
155,M4A2,6W,6586,252.0,26.6,2.0
155,M4A2,6W,6651,255.0,26.9,2.0
155,M4A2,6W,6716,259.0,27.2,2.1
155,M4A2,6W,6782,262.0,27.5,2.1
155,M4A2,6W,6850,266.0,27.8,2.2
155,M4A2,6W,6918,270.0,28.1,2.2
155,M4A2,6W,6987,274.0,28.4,2.3
155,M4A2,6W,7056,278.0,28.7,2.3
155,M4A2,6W,7126,282.0,29.0,2.4
155,M4A2,6W,7197,286.0,29.3,2.4
155,M4A2,6W,7267,290.0,29.6,2.5
155,M4A2,6W,7338,294.0,29.9,2.5
155,M4A2,6W,7410,298.0,30.2,2.6
155,M4A2,6W,7481,303.0,30.5,2.6
155,M4A2,6W,7553,307.0,30.8,2.7
155,M4A2,6W,7625,311.0,31.0,2.7
155,M4A2,6W,7696,316.0,31.3,2.7
155,M4A2,6W,7768,320.0,31.6,2.8
155,M4A2,6W,7840,325.0,31.9,2.8
155,M4A2,6W,7912,329.0,32.2,2.9
155,M4A2,6W,7984,334.0,32.5,3.0
155,M4A2,6W,8055,338.0,32.8,3.0
155,M4A2,6W,8127,343.0,33.1,3.1
155,M4A2,6W,8198,347.0,33.4,3.1
155,M4A2,6W,8269,352.0,33.7,3.2
155,M4A2,6W,8340,357.0,34.0,3.2
155,M4A2,6W,8411,361.0,34.3,3.3
155,M4A2,6W,8481,366.0,34.6,3.4
155,M4A2,6W,8551,371.0,34.9,3.4
155,M4A2,6W,8621,376.0,35.2,3.5
155,M4A2,6W,8691,380.0,35.5,3.5
155,M4A2,6W,8760,385.0,35.8,3.6
155,M4A2,6W,8829,390.0,36.1,3.6
155,M4A2,6W,8897,395.0,36.4,3.7
155,M4A2,6W,8965,400.0,36.7,3.8
155,M4A2,6W,9033,405.0,37.0,3.8
155,M4A2,6W,9100,410.0,37.3,3.9
155,M4A2,6W,9167,415.0,37.6,4.0
155,M4A2,6W,9233,420.0,37.9,4.0
155,M4A2,6W,9299,425.0,38.2,4.1
155,M4A2,6W,9364,430.0,38.5,4.2
155,M4A2,6W,9429,435.0,38.8,4.2
155,M4A2,6W,9494,440.0,39.1,4.3
155,M4A2,6W,9558,446.0,39.4,4.3
155,M4A2,6W,9622,451.0,39.7,4.4
155,M4A2,6W,9685,456.0,40.0,4.5
155,M4A2,6W,9747,461.0,40.3,4.5
155,M4A2,6W,9809,466.0,40.6,4.6
155,M4A2,6W,9871,471.0,40.9,4.7
155,M4A2,6W,9931,477.0,41.2,4.8
155,M4A2,6W,9992,482.0,41.5,4.8
155,M4A2,6W,10051,487.0,41.8,4.9
155,M4A2,6W,10111,493.0,42.1,5.0
155,M4A2,6W,10169,498.0,42.4,5.0
155,M4A2,6W,10227,504.0,42.7,5.1
155,M4A2,6W,10284,510.0,43.0,5.2
155,M4A2,6W,10341,515.0,43.4,5.3
155,M4A2,6W,10397,521.0,43.7,5.3
155,M4A2,6W,10453,527.0,44.0,5.4
155,M4A2,6W,10508,532.0,44.3,5.5
155,M4A2,6W,10562,538.0,44.6,5.6
155,M4A2,6W,10615,544.0,44.9,5.6
155,M4A2,6W,10668,550.0,45.3,5.7
155,M4A2,6W,10720,555.0,45.6,5.8
155,M4A2,6W,10771,561.0,45.9,5.9
155,M4A2,6W,10821,567.0,46.2,6.0
155,M4A2,6W,10871,573.0,46.5,6.1
155,M4A2,6W,10920,579.0,46.9,6.2
155,M4A2,6W,10968,585.0,47.2,6.2
155,M4A2,6W,11016,592.0,47.5,6.3
155,M4A2,6W,11063,598.0,47.9,6.4
155,M4A2,6W,11109,604.0,48.2,6.5
155,M4A2,6W,11154,611.0,48.6,6.6
155,M4A2,6W,11198,617.0,48.9,6.7
155,M4A2,6W,11242,624.0,49.3,6.8
155,M4A2,6W,11285,631.0,49.6,6.9
155,M4A2,6W,11327,638.0,50.0,7.0
155,M4A2,6W,11368,645.0,50.4,7.1
155,M4A2,6W,11409,652.0,50.7,7.2
155,M4A2,6W,11449,660.0,51.1,7.3
155,M4A2,6W,11487,667.0,51.5,7.4
155,M4A2,6W,11525,675.0,51.9,7.5
155,M4A2,6W,11562,684.0,52.4,7.7
155,M4A2,6W,11598,692.0,52.8,7.8
155,M4A2,6W,11634,702.0,53.3,8.0
155,M4A2,6W,11668,711.0,53.8,8.1
155,M4A2,6W,11701,722.0,54.3,8.3
155,M4A2,6W,11733,734.0,54.9,8.4
155,M4A2,6W,11763,748.0,55.6,8.7
155,M4A2,6W,11792,767.0,56.5,8.9
155,M4A2,7W,7206,197.0,24.8,1.7
155,M4A2,7W,7243,199.0,25.2,1.7
155,M4A2,7W,7286,200.0,25.5,1.8
155,M4A2,7W,7336,203.0,25.9,1.8
155,M4A2,7W,7392,205.0,26.2,1.9
155,M4A2,7W,7452,208.0,26.6,1.9
155,M4A2,7W,7515,210.0,26.9,2.0
155,M4A2,7W,7582,213.0,27.3,2.0
155,M4A2,7W,7652,216.0,27.6,2.1
155,M4A2,7W,7723,219.0,27.9,2.1
155,M4A2,7W,7797,223.0,28.3,2.2
155,M4A2,7W,7873,226.0,28.6,2.2
155,M4A2,7W,7950,230.0,29.0,2.3
155,M4A2,7W,8028,233.0,29.3,2.3
155,M4A2,7W,8107,237.0,29.6,2.4
155,M4A2,7W,8187,241.0,30.0,2.4
155,M4A2,7W,8268,244.0,30.3,2.5
155,M4A2,7W,8349,248.0,30.6,2.5
155,M4A2,7W,8431,252.0,31.0,2.6
155,M4A2,7W,8513,256.0,31.3,2.6
155,M4A2,7W,8596,260.0,31.6,2.7
155,M4A2,7W,8679,264.0,32.0,2.8
155,M4A2,7W,8762,268.0,32.3,2.8
155,M4A2,7W,8845,273.0,32.6,2.9
155,M4A2,7W,8928,277.0,32.9,2.9
155,M4A2,7W,9012,281.0,33.3,3.0
155,M4A2,7W,9095,285.0,33.6,3.0
155,M4A2,7W,9178,290.0,33.9,3.1
155,M4A2,7W,9261,294.0,34.2,3.2
155,M4A2,7W,9344,298.0,34.6,3.2
155,M4A2,7W,9427,303.0,34.9,3.3
155,M4A2,7W,9509,307.0,35.2,3.3
155,M4A2,7W,9591,312.0,35.5,3.4
155,M4A2,7W,9674,316.0,35.8,3.5
155,M4A2,7W,9755,321.0,36.2,3.5
155,M4A2,7W,9837,325.0,36.5,3.6
155,M4A2,7W,9918,330.0,36.8,3.7
155,M4A2,7W,9999,334.0,37.1,3.7
155,M4A2,7W,10080,339.0,37.4,3.8
155,M4A2,7W,10160,344.0,37.8,3.9
155,M4A2,7W,10240,348.0,38.1,3.9
155,M4A2,7W,10319,353.0,38.4,4.0
155,M4A2,7W,10398,358.0,38.7,4.0
155,M4A2,7W,10477,362.0,39.0,4.1
155,M4A2,7W,10555,367.0,39.4,4.2
155,M4A2,7W,10633,372.0,39.7,4.3
155,M4A2,7W,10710,377.0,40.0,4.3
155,M4A2,7W,10787,382.0,40.3,4.4
155,M4A2,7W,10864,386.0,40.6,4.5
155,M4A2,7W,10940,391.0,40.9,4.5
155,M4A2,7W,11015,396.0,41.3,4.6
155,M4A2,7W,11090,401.0,41.6,4.7
155,M4A2,7W,11165,406.0,41.9,4.7
155,M4A2,7W,11239,411.0,42.2,4.8
155,M4A2,7W,11312,416.0,42.5,4.9
155,M4A2,7W,11385,421.0,42.9,5.0
155,M4A2,7W,11458,426.0,43.2,5.0
155,M4A2,7W,11530,431.0,43.5,5.1
155,M4A2,7W,11601,436.0,43.8,5.2
155,M4A2,7W,11672,441.0,44.1,5.3
155,M4A2,7W,11742,446.0,44.5,5.3
155,M4A2,7W,11812,451.0,44.8,5.4
155,M4A2,7W,11881,456.0,45.1,5.5
155,M4A2,7W,11950,461.0,45.4,5.6
155,M4A2,7W,12017,466.0,45.7,5.6
155,M4A2,7W,12085,472.0,46.1,5.7
155,M4A2,7W,12151,477.0,46.4,5.8
155,M4A2,7W,12217,482.0,46.7,5.9
155,M4A2,7W,12282,487.0,47.0,6.0
155,M4A2,7W,12347,492.0,47.4,6.1
155,M4A2,7W,12411,498.0,47.7,6.1
155,M4A2,7W,12474,503.0,48.0,6.2
155,M4A2,7W,12537,508.0,48.3,6.3
155,M4A2,7W,12599,514.0,48.7,6.4
155,M4A2,7W,12660,519.0,49.0,6.5
155,M4A2,7W,12720,525.0,49.3,6.6
155,M4A2,7W,12780,530.0,49.7,6.7
155,M4A2,7W,12839,535.0,50.0,6.8
155,M4A2,7W,12898,541.0,50.3,6.8
155,M4A2,7W,12956,547.0,50.7,6.9
155,M4A2,7W,13013,552.0,51.0,7.0
155,M4A2,7W,13069,558.0,51.3,7.1
155,M4A2,7W,13124,563.0,51.7,7.2
155,M4A2,7W,13179,569.0,52.0,7.3
155,M4A2,7W,13233,575.0,52.4,7.4
155,M4A2,7W,13286,581.0,52.7,7.5
155,M4A2,7W,13339,587.0,53.0,7.6
155,M4A2,7W,13391,593.0,53.4,7.7
155,M4A2,7W,13442,599.0,53.8,7.8
155,M4A2,7W,13492,605.0,54.1,7.9
155,M4A2,7W,13541,611.0,54.5,8.0
155,M4A2,7W,13590,617.0,54.8,8.1
155,M4A2,7W,13637,623.0,55.2,8.2
155,M4A2,7W,13684,630.0,55.6,8.3
155,M4A2,7W,13730,636.0,55.9,8.4
155,M4A2,7W,13775,643.0,56.3,8.6
155,M4A2,7W,13820,650.0,56.7,8.7
155,M4A2,7W,13863,657.0,57.1,8.8
155,M4A2,7W,13905,664.0,57.5,8.9
155,M4A2,7W,13947,671.0,57.9,9.1
155,M4A2,7W,13987,679.0,58.4,9.2
155,M4A2,7W,14027,687.0,58.8,9.3
155,M4A2,7W,14065,695.0,59.3,9.5
155,M4A2,7W,14102,703.0,59.8,9.7
155,M4A2,7W,14138,713.0,60.3,9.8
155,M4A2,7W,14173,722.0,60.8,10.0
155,M4A2,7W,14207,733.0,61.4,10.2
155,M4A2,7W,14240,746.0,62.1,10.4
155,M4A2,7W,14270,761.0,62.9,10.7
155,M4A2,7W,14298,786.0,64.3,11.2
155,M4A2,8,8777,173.0,26.3,1.7
155,M4A2,8,8820,175.0,26.8,1.8
155,M4A2,8,8874,176.0,27.2,1.8
155,M4A2,8,8937,178.0,27.6,1.9
155,M4A2,8,9007,181.0,28.0,2.0
155,M4A2,8,9084,183.0,28.5,2.0
155,M4A2,8,9166,186.0,28.9,2.1
155,M4A2,8,9252,189.0,29.3,2.1
155,M4A2,8,9341,192.0,29.7,2.2
155,M4A2,8,9433,195.0,30.1,2.3
155,M4A2,8,9527,199.0,30.5,2.3
155,M4A2,8,9623,202.0,30.9,2.4
155,M4A2,8,9721,206.0,31.3,2.4
155,M4A2,8,9819,209.0,31.7,2.5
155,M4A2,8,9919,213.0,32.1,2.6
155,M4A2,8,10019,217.0,32.5,2.6
155,M4A2,8,10119,221.0,32.9,2.7
155,M4A2,8,10220,225.0,33.3,2.8
155,M4A2,8,10321,229.0,33.7,2.8
155,M4A2,8,10422,233.0,34.1,2.9
155,M4A2,8,10523,237.0,34.4,3.0
155,M4A2,8,10625,241.0,34.8,3.0
155,M4A2,8,10726,245.0,35.2,3.1
155,M4A2,8,10826,249.0,35.6,3.2
155,M4A2,8,10927,253.0,35.9,3.2
155,M4A2,8,11027,257.0,36.3,3.3
155,M4A2,8,11127,262.0,36.7,3.4
155,M4A2,8,11227,266.0,37.1,3.4
155,M4A2,8,11326,270.0,37.4,3.5
155,M4A2,8,11425,275.0,37.8,3.6
155,M4A2,8,11523,279.0,38.2,3.6
155,M4A2,8,11621,283.0,38.5,3.7
155,M4A2,8,11719,288.0,38.9,3.8
155,M4A2,8,11816,292.0,39.2,3.8
155,M4A2,8,11912,297.0,39.6,3.9
155,M4A2,8,12009,301.0,40.0,4.0
155,M4A2,8,12104,306.0,40.3,4.1
155,M4A2,8,12199,310.0,40.7,4.1
155,M4A2,8,12294,315.0,41.0,4.2
155,M4A2,8,12388,319.0,41.4,4.3
155,M4A2,8,12481,324.0,41.7,4.3
155,M4A2,8,12574,329.0,42.1,4.4
155,M4A2,8,12667,333.0,42.5,4.5
155,M4A2,8,12759,338.0,42.8,4.6
155,M4A2,8,12850,343.0,43.2,4.7
155,M4A2,8,12941,347.0,43.5,4.7
155,M4A2,8,13031,352.0,43.9,4.8
155,M4A2,8,13120,357.0,44.2,4.9
155,M4A2,8,13209,362.0,44.6,5.0
155,M4A2,8,13298,366.0,44.9,5.0
155,M4A2,8,13386,371.0,45.3,5.1
155,M4A2,8,13473,376.0,45.6,5.2
155,M4A2,8,13560,381.0,46.0,5.3
155,M4A2,8,13646,386.0,46.3,5.4
155,M4A2,8,13731,390.0,46.7,5.5
155,M4A2,8,13816,395.0,47.0,5.5
155,M4A2,8,13900,400.0,47.4,5.6
155,M4A2,8,13984,405.0,47.7,5.7
155,M4A2,8,14067,410.0,48.1,5.8
155,M4A2,8,14149,415.0,48.4,5.9
155,M4A2,8,14231,420.0,48.8,6.0
155,M4A2,8,14312,425.0,49.1,6.0
155,M4A2,8,14392,430.0,49.5,6.1
155,M4A2,8,14472,435.0,49.8,6.2
155,M4A2,8,14551,440.0,50.2,6.3
155,M4A2,8,14630,445.0,50.5,6.4
155,M4A2,8,14708,450.0,50.9,6.5
155,M4A2,8,14785,455.0,51.2,6.6
155,M4A2,8,14861,460.0,51.6,6.7
155,M4A2,8,14937,465.0,51.9,6.7
155,M4A2,8,15012,470.0,52.3,6.8
155,M4A2,8,15087,475.0,52.6,6.9
155,M4A2,8,15161,480.0,53.0,7.0
155,M4A2,8,15234,485.0,53.3,7.1
155,M4A2,8,15307,490.0,53.7,7.2
155,M4A2,8,15378,495.0,54.0,7.3
155,M4A2,8,15449,500.0,54.4,7.4
155,M4A2,8,15520,506.0,54.7,7.5
155,M4A2,8,15589,511.0,55.1,7.6
155,M4A2,8,15658,516.0,55.5,7.7
155,M4A2,8,15727,521.0,55.8,7.8
155,M4A2,8,15794,526.0,56.2,7.9
155,M4A2,8,15861,532.0,56.5,8.0
155,M4A2,8,15927,537.0,56.9,8.1
155,M4A2,8,15992,542.0,57.2,8.2
155,M4A2,8,16057,548.0,57.6,8.3
155,M4A2,8,16121,553.0,58.0,8.4
155,M4A2,8,16184,558.0,58.3,8.5
155,M4A2,8,16246,564.0,58.7,8.6
155,M4A2,8,16308,569.0,59.0,8.7
155,M4A2,8,16369,575.0,59.4,8.8
155,M4A2,8,16429,580.0,59.8,8.9
155,M4A2,8,16488,586.0,60.1,9.0
155,M4A2,8,16546,591.0,60.5,9.2
155,M4A2,8,16604,597.0,60.9,9.3
155,M4A2,8,16660,603.0,61.3,9.4
155,M4A2,8,16716,608.0,61.6,9.5
155,M4A2,8,16771,614.0,62.0,9.6
155,M4A2,8,16824,620.0,62.4,9.7
155,M4A2,8,16877,625.0,62.8,9.9
155,M4A2,8,16929,631.0,63.2,10.0
155,M4A2,8,16980,637.0,63.5,10.1
155,M4A2,8,17030,643.0,63.9,10.2
155,M4A2,8,17079,649.0,64.3,10.3
155,M4A2,8,17128,655.0,64.7,10.5
155,M4A2,8,17175,661.0,65.1,10.6
155,M4A2,8,17221,668.0,65.5,10.7
155,M4A2,8,17266,674.0,66.0,10.9
155,M4A2,8,17310,681.0,66.4,11.0
155,M4A2,8,17353,687.0,66.8,11.2
155,M4A2,8,17396,694.0,67.3,11.3
155,M4A2,8,17437,701.0,67.7,11.5
155,M4A2,8,17477,709.0,68.2,11.6
155,M4A2,8,17516,716.0,68.7,11.8
155,M4A2,8,17553,724.0,69.2,12.0
155,M4A2,8,17590,733.0,69.7,12.1
155,M4A2,8,17626,742.0,70.3,12.4
155,M4A2,8,17660,752.0,70.9,12.6
155,M4A2,8,17693,764.0,71.7,12.9
155,M4A2,8,17724,778.0,72.5,13.1
155,M4A2,8,17752,801.0,74.0,13.7
