ART,PROJ,CHG,DIST,QE,TOF,DRIFT
105,HE,4,1000,80.4,4.1488,0.4
105,HE,4,1100,84.3,4.4996,0.44
105,HE,4,1200,88.2,4.8505,0.48
105,HE,4,1300,92.1,5.2014,0.52
105,HE,4,1400,96.0,5.5523,0.56
105,HE,4,1500,99.9,5.9032,0.6
105,HE,4,1600,103.9,6.254,0.64
105,HE,4,1700,107.8,6.6049,0.68
105,HE,4,1800,111.8,6.9558,0.72
105,HE,4,1900,115.7,7.3067,0.76
105,HE,4,2000,119.7,7.6575,0.8
105,HE,4,2100,123.7,8.0084,0.84
105,HE,4,2200,127.6,8.3593,0.88
105,HE,4,2300,131.6,8.7102,0.92
105,HE,4,2400,135.6,9.0611,0.96
105,HE,4,2500,139.6,9.4119,1.0
105,HE,4,2600,143.6,9.7628,1.04
105,HE,4,2700,147.7,10.1137,1.08
105,HE,4,2800,151.7,10.4646,1.12
105,HE,4,2900,155.7,10.8154,1.16
105,HE,4,3000,159.8,11.1663,1.2
105,HE,4,3100,163.8,11.5172,1.24
105,HE,4,3200,167.9,11.8681,1.28
105,HE,4,3300,172.0,12.2189,1.32
105,HE,4,3400,176.1,12.5698,1.36
105,HE,4,3500,180.1,12.9207,1.4
105,HE,4,3600,184.2,13.2716,1.44
105,HE,4,3700,188.3,13.6225,1.48
105,HE,4,3800,192.5,13.9733,1.52
105,HE,4,3900,196.6,14.3242,1.56
105,HE,4,4000,200.7,14.6751,1.6
105,HE,4,4100,204.9,15.026,1.64
105,HE,4,4200,209.0,15.3768,1.68
105,HE,4,4300,213.2,15.7277,1.72
105,HE,4,4400,217.3,16.0786,1.76
105,HE,4,4500,221.5,16.4295,1.8
105,HE,4,4600,225.7,16.7804,1.84
105,HE,4,4700,229.9,17.1312,1.88
105,HE,4,4800,234.1,17.4821,1.92
105,HE,4,4900,238.3,17.833,1.96
105,HE,4,5000,242.5,18.1839,2.0
105,HE,4,5100,246.7,18.5347,2.04
105,HE,4,5200,251.0,18.8856,2.08
105,HE,4,5300,255.2,19.2365,2.12
105,HE,4,5400,259.4,19.5874,2.16
105,HE,4,5500,263.7,19.9382,2.2
105,HE,4,5600,268.0,20.2891,2.24
105,HE,4,5700,272.2,20.64,2.28
105,HE,4,5800,276.5,20.9909,2.32
105,HE,4,5900,280.8,21.3418,2.36
105,HE,4,6000,285.1,21.6926,2.4
105,HE,5,1500,110.4,6.0632,0.75
105,HE,5,1600,114.4,6.414,0.8
105,HE,5,1700,118.3,6.7649,0.85
105,HE,5,1800,122.3,7.1158,0.9
105,HE,5,1900,126.2,7.4667,0.95
105,HE,5,2000,130.2,7.8175,1.0
105,HE,5,2100,134.2,8.1684,1.05
105,HE,5,2200,138.1,8.5193,1.1
105,HE,5,2300,142.1,8.8702,1.15
105,HE,5,2400,146.1,9.2211,1.2
105,HE,5,2500,150.1,9.5719,1.25
105,HE,5,2600,154.1,9.9228,1.3
105,HE,5,2700,158.2,10.2737,1.35
105,HE,5,2800,162.2,10.6246,1.4
105,HE,5,2900,166.2,10.9754,1.45
105,HE,5,3000,170.3,11.3263,1.5
105,HE,5,3100,174.3,11.6772,1.55
105,HE,5,3200,178.4,12.0281,1.6
105,HE,5,3300,182.5,12.3789,1.65
105,HE,5,3400,186.6,12.7298,1.7
105,HE,5,3500,190.6,13.0807,1.75
105,HE,5,3600,194.7,13.4316,1.8
105,HE,5,3700,198.8,13.7825,1.85
105,HE,5,3800,203.0,14.1333,1.9
105,HE,5,3900,207.1,14.4842,1.95
105,HE,5,4000,211.2,14.8351,2.0
105,HE,5,4100,215.4,15.186,2.05
105,HE,5,4200,219.5,15.5368,2.1
105,HE,5,4300,223.7,15.8877,2.15
105,HE,5,4400,227.8,16.2386,2.2
105,HE,5,4500,232.0,16.5895,2.25
105,HE,5,4600,236.2,16.9404,2.3
105,HE,5,4700,240.4,17.2912,2.35
105,HE,5,4800,244.6,17.6421,2.4
105,HE,5,4900,248.8,17.993,2.45
105,HE,5,5000,253.0,18.3439,2.5
105,HE,5,5100,257.2,18.6947,2.55
105,HE,5,5200,261.5,19.0456,2.6
105,HE,5,5300,265.7,19.3965,2.65
105,HE,5,5400,269.9,19.7474,2.7
105,HE,5,5500,274.2,20.0982,2.75
105,HE,5,5600,278.5,20.4491,2.8
105,HE,5,5700,282.7,20.8,2.85
105,HE,5,5800,287.0,21.1509,2.9
105,HE,5,5900,291.3,21.5018,2.95
105,HE,5,6000,295.6,21.8526,3.0
105,HE,5,6100,299.9,22.2035,3.05
105,HE,5,6200,304.2,22.5544,3.1
105,HE,5,6300,308.6,22.9053,3.15
105,HE,5,6400,312.9,23.2561,3.2
105,HE,5,6500,317.2,23.607,3.25
105,HE,5,6600,321.6,23.9579,3.3
105,HE,5,6700,326.0,24.3088,3.35
105,HE,5,6800,330.3,24.6596,3.4
105,HE,5,6900,334.7,25.0105,3.45
105,HE,5,7000,339.1,25.3614,3.5
105,HE,5,7100,343.5,25.7123,3.55
105,HE,5,7200,347.9,26.0632,3.6
105,HE,5,7300,352.3,26.414,3.65
105,HE,5,7400,356.7,26.7649,3.7
105,HE,5,7500,361.1,27.1158,3.75
105,HE,6,2000,140.7,7.9775,1.2
105,HE,6,2100,144.7,8.3284,1.26
105,HE,6,2200,148.6,8.6793,1.32
105,HE,6,2300,152.6,9.0302,1.38
105,HE,6,2400,156.6,9.3811,1.44
105,HE,6,2500,160.6,9.7319,1.5
105,HE,6,2600,164.6,10.0828,1.56
105,HE,6,2700,168.7,10.4337,1.62
105,HE,6,2800,172.7,10.7846,1.68
105,HE,6,2900,176.7,11.1354,1.74
105,HE,6,3000,180.8,11.4863,1.8
105,HE,6,3100,184.8,11.8372,1.86
105,HE,6,3200,188.9,12.1881,1.92
105,HE,6,3300,193.0,12.5389,1.98
105,HE,6,3400,197.1,12.8898,2.04
105,HE,6,3500,201.1,13.2407,2.1
105,HE,6,3600,205.2,13.5916,2.16
105,HE,6,3700,209.3,13.9425,2.22
105,HE,6,3800,213.5,14.2933,2.28
105,HE,6,3900,217.6,14.6442,2.34
105,HE,6,4000,221.7,14.9951,2.4
105,HE,6,4100,225.9,15.346,2.46
105,HE,6,4200,230.0,15.6968,2.52
105,HE,6,4300,234.2,16.0477,2.58
105,HE,6,4400,238.3,16.3986,2.64
105,HE,6,4500,242.5,16.7495,2.7
105,HE,6,4600,246.7,17.1004,2.76
105,HE,6,4700,250.9,17.4512,2.82
105,HE,6,4800,255.1,17.8021,2.88
105,HE,6,4900,259.3,18.153,2.94
105,HE,6,5000,263.5,18.5039,3.0
105,HE,6,5100,267.7,18.8547,3.06
105,HE,6,5200,272.0,19.2056,3.12
105,HE,6,5300,276.2,19.5565,3.18
105,HE,6,5400,280.4,19.9074,3.24
105,HE,6,5500,284.7,20.2582,3.3
105,HE,6,5600,289.0,20.6091,3.36
105,HE,6,5700,293.2,20.96,3.42
105,HE,6,5800,297.5,21.3109,3.48
105,HE,6,5900,301.8,21.6618,3.54
105,HE,6,6000,306.1,22.0126,3.6
105,HE,6,6100,310.4,22.3635,3.66
105,HE,6,6200,314.7,22.7144,3.72
105,HE,6,6300,319.1,23.0653,3.78
105,HE,6,6400,323.4,23.4161,3.84
105,HE,6,6500,327.7,23.767,3.9
105,HE,6,6600,332.1,24.1179,3.96
105,HE,6,6700,336.5,24.4688,4.02
105,HE,6,6800,340.8,24.8196,4.08
105,HE,6,6900,345.2,25.1705,4.14
105,HE,6,7000,349.6,25.5214,4.2
105,HE,6,7100,354.0,25.8723,4.26
105,HE,6,7200,358.4,26.2232,4.32
105,HE,6,7300,362.8,26.574,4.38
105,HE,6,7400,367.2,26.9249,4.44
105,HE,6,7500,371.6,27.2758,4.5
105,HE,6,7600,376.1,27.6267,4.56
105,HE,6,7700,380.5,27.9775,4.62
105,HE,6,7800,385.0,28.3284,4.68
105,HE,6,7900,389.4,28.6793,4.74
105,HE,6,8000,393.9,29.0302,4.8
105,HE,6,8100,398.4,29.3811,4.86
105,HE,6,8200,402.8,29.7319,4.92
105,HE,6,8300,407.3,30.0828,4.98
105,HE,6,8400,411.8,30.4337,5.04
105,HE,6,8500,416.3,30.7846,5.1
105,HE,6,8600,420.9,31.1354,5.16
105,HE,6,8700,425.4,31.4863,5.22
105,HE,6,8800,429.9,31.8372,5.28
105,HE,6,8900,434.5,32.1881,5.34
105,HE,6,9000,439.0,32.5389,5.4
105,HE,7,3000,191.3,11.6463,2.1
105,HE,7,3100,195.3,11.9972,2.17
105,HE,7,3200,199.4,12.3481,2.24
105,HE,7,3300,203.5,12.6989,2.31
105,HE,7,3400,207.6,13.0498,2.38
105,HE,7,3500,211.6,13.4007,2.45
105,HE,7,3600,215.7,13.7516,2.52
105,HE,7,3700,219.8,14.1025,2.59
105,HE,7,3800,224.0,14.4533,2.66
105,HE,7,3900,228.1,14.8042,2.73
105,HE,7,4000,232.2,15.1551,2.8
105,HE,7,4100,236.4,15.506,2.87
105,HE,7,4200,240.5,15.8568,2.94
105,HE,7,4300,244.7,16.2077,3.01
105,HE,7,4400,248.8,16.5586,3.08
105,HE,7,4500,253.0,16.9095,3.15
105,HE,7,4600,257.2,17.2604,3.22
105,HE,7,4700,261.4,17.6112,3.29
105,HE,7,4800,265.6,17.9621,3.36
105,HE,7,4900,269.8,18.313,3.43
105,HE,7,5000,274.0,18.6639,3.5
105,HE,7,5100,278.2,19.0147,3.57
105,HE,7,5200,282.5,19.3656,3.64
105,HE,7,5300,286.7,19.7165,3.71
105,HE,7,5400,290.9,20.0674,3.78
105,HE,7,5500,295.2,20.4182,3.85
105,HE,7,5600,299.5,20.7691,3.92
105,HE,7,5700,303.7,21.12,3.99
105,HE,7,5800,308.0,21.4709,4.06
105,HE,7,5900,312.3,21.8218,4.13
105,HE,7,6000,316.6,22.1726,4.2
105,HE,7,6100,320.9,22.5235,4.27
105,HE,7,6200,325.2,22.8744,4.34
105,HE,7,6300,329.6,23.2253,4.41
105,HE,7,6400,333.9,23.5761,4.48
105,HE,7,6500,338.2,23.927,4.55
105,HE,7,6600,342.6,24.2779,4.62
105,HE,7,6700,347.0,24.6288,4.69
105,HE,7,6800,351.3,24.9796,4.76
105,HE,7,6900,355.7,25.3305,4.83
105,HE,7,7000,360.1,25.6814,4.9
105,HE,7,7100,364.5,26.0323,4.97
105,HE,7,7200,368.9,26.3832,5.04
105,HE,7,7300,373.3,26.734,5.11
105,HE,7,7400,377.7,27.0849,5.18
105,HE,7,7500,382.1,27.4358,5.25
105,HE,7,7600,386.6,27.7867,5.32
105,HE,7,7700,391.0,28.1375,5.39
105,HE,7,7800,395.5,28.4884,5.46
105,HE,7,7900,399.9,28.8393,5.53
105,HE,7,8000,404.4,29.1902,5.6
105,HE,7,8100,408.9,29.5411,5.67
105,HE,7,8200,413.3,29.8919,5.74
105,HE,7,8300,417.8,30.2428,5.81
105,HE,7,8400,422.3,30.5937,5.88
105,HE,7,8500,426.8,30.9446,5.95
105,HE,7,8600,431.4,31.2954,6.02
105,HE,7,8700,435.9,31.6463,6.09
105,HE,7,8800,440.4,31.9972,6.16
105,HE,7,8900,445.0,32.3481,6.23
105,HE,7,9000,449.5,32.6989,6.3
105,HE,7,9100,454.1,33.0498,6.37
105,HE,7,9200,458.6,33.4007,6.44
105,HE,7,9300,463.2,33.7516,6.51
105,HE,7,9400,467.8,34.1025,6.58
105,HE,7,9500,472.4,34.4533,6.65
105,HE,7,9600,477.0,34.8042,6.72
105,HE,7,9700,481.6,35.1551,6.79
105,HE,7,9800,486.2,35.506,6.86
105,HE,7,9900,490.9,35.8568,6.93
105,HE,7,10000,495.5,36.2077,7.0
105,M1,4,1000,80.4,4.1488,0.4
105,M1,4,1100,84.3,4.4996,0.44
105,M1,4,1200,88.2,4.8505,0.48
105,M1,4,1300,92.1,5.2014,0.52
105,M1,4,1400,96.0,5.5523,0.56
105,M1,4,1500,99.9,5.9032,0.6
105,M1,4,1600,103.9,6.254,0.64
105,M1,4,1700,107.8,6.6049,0.68
105,M1,4,1800,111.8,6.9558,0.72
105,M1,4,1900,115.7,7.3067,0.76
105,M1,4,2000,119.7,7.6575,0.8
105,M1,4,2100,123.7,8.0084,0.84
105,M1,4,2200,127.6,8.3593,0.88
105,M1,4,2300,131.6,8.7102,0.92
105,M1,4,2400,135.6,9.0611,0.96
105,M1,4,2500,139.6,9.4119,1.0
105,M1,4,2600,143.6,9.7628,1.04
105,M1,4,2700,147.7,10.1137,1.08
105,M1,4,2800,151.7,10.4646,1.12
105,M1,4,2900,155.7,10.8154,1.16
105,M1,4,3000,159.8,11.1663,1.2
105,M1,4,3100,163.8,11.5172,1.24
105,M1,4,3200,167.9,11.8681,1.28
105,M1,4,3300,172.0,12.2189,1.32
105,M1,4,3400,176.1,12.5698,1.36
105,M1,4,3500,180.1,12.9207,1.4
105,M1,4,3600,184.2,13.2716,1.44
105,M1,4,3700,188.3,13.6225,1.48
105,M1,4,3800,192.5,13.9733,1.52
105,M1,4,3900,196.6,14.3242,1.56
105,M1,4,4000,200.7,14.6751,1.6
105,M1,4,4100,204.9,15.026,1.64
105,M1,4,4200,209.0,15.3768,1.68
105,M1,4,4300,213.2,15.7277,1.72
105,M1,4,4400,217.3,16.0786,1.76
105,M1,4,4500,221.5,16.4295,1.8
105,M1,4,4600,225.7,16.7804,1.84
105,M1,4,4700,229.9,17.1312,1.88
105,M1,4,4800,234.1,17.4821,1.92
105,M1,4,4900,238.3,17.833,1.96
105,M1,4,5000,242.5,18.1839,2.0
105,M1,4,5100,246.7,18.5347,2.04
105,M1,4,5200,251.0,18.8856,2.08
105,M1,4,5300,255.2,19.2365,2.12
105,M1,4,5400,259.4,19.5874,2.16
105,M1,4,5500,263.7,19.9382,2.2
105,M1,4,5600,268.0,20.2891,2.24
105,M1,4,5700,272.2,20.64,2.28
105,M1,4,5800,276.5,20.9909,2.32
105,M1,4,5900,280.8,21.3418,2.36
105,M1,4,6000,285.1,21.6926,2.4
105,M1,5,1500,110.4,6.0632,0.75
105,M1,5,1600,114.4,6.414,0.8
105,M1,5,1700,118.3,6.7649,0.85
105,M1,5,1800,122.3,7.1158,0.9
105,M1,5,1900,126.2,7.4667,0.95
105,M1,5,2000,130.2,7.8175,1.0
105,M1,5,2100,134.2,8.1684,1.05
105,M1,5,2200,138.1,8.5193,1.1
105,M1,5,2300,142.1,8.8702,1.15
105,M1,5,2400,146.1,9.2211,1.2
105,M1,5,2500,150.1,9.5719,1.25
105,M1,5,2600,154.1,9.9228,1.3
105,M1,5,2700,158.2,10.2737,1.35
105,M1,5,2800,162.2,10.6246,1.4
105,M1,5,2900,166.2,10.9754,1.45
105,M1,5,3000,170.3,11.3263,1.5
105,M1,5,3100,174.3,11.6772,1.55
105,M1,5,3200,178.4,12.0281,1.6
105,M1,5,3300,182.5,12.3789,1.65
105,M1,5,3400,186.6,12.7298,1.7
105,M1,5,3500,190.6,13.0807,1.75
105,M1,5,3600,194.7,13.4316,1.8
105,M1,5,3700,198.8,13.7825,1.85
105,M1,5,3800,203.0,14.1333,1.9
105,M1,5,3900,207.1,14.4842,1.95
105,M1,5,4000,211.2,14.8351,2.0
105,M1,5,4100,215.4,15.186,2.05
105,M1,5,4200,219.5,15.5368,2.1
105,M1,5,4300,223.7,15.8877,2.15
105,M1,5,4400,227.8,16.2386,2.2
105,M1,5,4500,232.0,16.5895,2.25
105,M1,5,4600,236.2,16.9404,2.3
105,M1,5,4700,240.4,17.2912,2.35
105,M1,5,4800,244.6,17.6421,2.4
105,M1,5,4900,248.8,17.993,2.45
105,M1,5,5000,253.0,18.3439,2.5
105,M1,5,5100,257.2,18.6947,2.55
105,M1,5,5200,261.5,19.0456,2.6
105,M1,5,5300,265.7,19.3965,2.65
105,M1,5,5400,269.9,19.7474,2.7
105,M1,5,5500,274.2,20.0982,2.75
105,M1,5,5600,278.5,20.4491,2.8
105,M1,5,5700,282.7,20.8,2.85
105,M1,5,5800,287.0,21.1509,2.9
105,M1,5,5900,291.3,21.5018,2.95
105,M1,5,6000,295.6,21.8526,3.0
105,M1,5,6100,299.9,22.2035,3.05
105,M1,5,6200,304.2,22.5544,3.1
105,M1,5,6300,308.6,22.9053,3.15
105,M1,5,6400,312.9,23.2561,3.2
105,M1,5,6500,317.2,23.607,3.25
105,M1,5,6600,321.6,23.9579,3.3
105,M1,5,6700,326.0,24.3088,3.35
105,M1,5,6800,330.3,24.6596,3.4
105,M1,5,6900,334.7,25.0105,3.45
105,M1,5,7000,339.1,25.3614,3.5
105,M1,5,7100,343.5,25.7123,3.55
105,M1,5,7200,347.9,26.0632,3.6
105,M1,5,7300,352.3,26.414,3.65
105,M1,5,7400,356.7,26.7649,3.7
105,M1,5,7500,361.1,27.1158,3.75
105,M1,6,2000,140.7,7.9775,1.2
105,M1,6,2100,144.7,8.3284,1.26
105,M1,6,2200,148.6,8.6793,1.32
105,M1,6,2300,152.6,9.0302,1.38
105,M1,6,2400,156.6,9.3811,1.44
105,M1,6,2500,160.6,9.7319,1.5
105,M1,6,2600,164.6,10.0828,1.56
105,M1,6,2700,168.7,10.4337,1.62
105,M1,6,2800,172.7,10.7846,1.68
105,M1,6,2900,176.7,11.1354,1.74
105,M1,6,3000,180.8,11.4863,1.8
105,M1,6,3100,184.8,11.8372,1.86
105,M1,6,3200,188.9,12.1881,1.92
105,M1,6,3300,193.0,12.5389,1.98
105,M1,6,3400,197.1,12.8898,2.04
105,M1,6,3500,201.1,13.2407,2.1
105,M1,6,3600,205.2,13.5916,2.16
105,M1,6,3700,209.3,13.9425,2.22
105,M1,6,3800,213.5,14.2933,2.28
105,M1,6,3900,217.6,14.6442,2.34
105,M1,6,4000,221.7,14.9951,2.4
105,M1,6,4100,225.9,15.346,2.46
105,M1,6,4200,230.0,15.6968,2.52
105,M1,6,4300,234.2,16.0477,2.58
105,M1,6,4400,238.3,16.3986,2.64
105,M1,6,4500,242.5,16.7495,2.7
105,M1,6,4600,246.7,17.1004,2.76
105,M1,6,4700,250.9,17.4512,2.82
105,M1,6,4800,255.1,17.8021,2.88
105,M1,6,4900,259.3,18.153,2.94
105,M1,6,5000,263.5,18.5039,3.0
105,M1,6,5100,267.7,18.8547,3.06
105,M1,6,5200,272.0,19.2056,3.12
105,M1,6,5300,276.2,19.5565,3.18
105,M1,6,5400,280.4,19.9074,3.24
105,M1,6,5500,284.7,20.2582,3.3
105,M1,6,5600,289.0,20.6091,3.36
105,M1,6,5700,293.2,20.96,3.42
105,M1,6,5800,297.5,21.3109,3.48
105,M1,6,5900,301.8,21.6618,3.54
105,M1,6,6000,306.1,22.0126,3.6
105,M1,6,6100,310.4,22.3635,3.66
105,M1,6,6200,314.7,22.7144,3.72
105,M1,6,6300,319.1,23.0653,3.78
105,M1,6,6400,323.4,23.4161,3.84
105,M1,6,6500,327.7,23.767,3.9
105,M1,6,6600,332.1,24.1179,3.96
105,M1,6,6700,336.5,24.4688,4.02
105,M1,6,6800,340.8,24.8196,4.08
105,M1,6,6900,345.2,25.1705,4.14
105,M1,6,7000,349.6,25.5214,4.2
105,M1,6,7100,354.0,25.8723,4.26
105,M1,6,7200,358.4,26.2232,4.32
105,M1,6,7300,362.8,26.574,4.38
105,M1,6,7400,367.2,26.9249,4.44
105,M1,6,7500,371.6,27.2758,4.5
105,M1,6,7600,376.1,27.6267,4.56
105,M1,6,7700,380.5,27.9775,4.62
105,M1,6,7800,385.0,28.3284,4.68
105,M1,6,7900,389.4,28.6793,4.74
105,M1,6,8000,393.9,29.0302,4.8
105,M1,6,8100,398.4,29.3811,4.86
105,M1,6,8200,402.8,29.7319,4.92
105,M1,6,8300,407.3,30.0828,4.98
105,M1,6,8400,411.8,30.4337,5.04
105,M1,6,8500,416.3,30.7846,5.1
105,M1,6,8600,420.9,31.1354,5.16
105,M1,6,8700,425.4,31.4863,5.22
105,M1,6,8800,429.9,31.8372,5.28
105,M1,6,8900,434.5,32.1881,5.34
105,M1,6,9000,439.0,32.5389,5.4
105,M1,7,3000,191.3,11.6463,2.1
105,M1,7,3100,195.3,11.9972,2.17
105,M1,7,3200,199.4,12.3481,2.24
105,M1,7,3300,203.5,12.6989,2.31
105,M1,7,3400,207.6,13.0498,2.38
105,M1,7,3500,211.6,13.4007,2.45
105,M1,7,3600,215.7,13.7516,2.52
105,M1,7,3700,219.8,14.1025,2.59
105,M1,7,3800,224.0,14.4533,2.66
105,M1,7,3900,228.1,14.8042,2.73
105,M1,7,4000,232.2,15.1551,2.8
105,M1,7,4100,236.4,15.506,2.87
105,M1,7,4200,240.5,15.8568,2.94
105,M1,7,4300,244.7,16.2077,3.01
105,M1,7,4400,248.8,16.5586,3.08
105,M1,7,4500,253.0,16.9095,3.15
105,M1,7,4600,257.2,17.2604,3.22
105,M1,7,4700,261.4,17.6112,3.29
105,M1,7,4800,265.6,17.9621,3.36
105,M1,7,4900,269.8,18.313,3.43
105,M1,7,5000,274.0,18.6639,3.5
105,M1,7,5100,278.2,19.0147,3.57
105,M1,7,5200,282.5,19.3656,3.64
105,M1,7,5300,286.7,19.7165,3.71
105,M1,7,5400,290.9,20.0674,3.78
105,M1,7,5500,295.2,20.4182,3.85
105,M1,7,5600,299.5,20.7691,3.92
105,M1,7,5700,303.7,21.12,3.99
105,M1,7,5800,308.0,21.4709,4.06
105,M1,7,5900,312.3,21.8218,4.13
105,M1,7,6000,316.6,22.1726,4.2
105,M1,7,6100,320.9,22.5235,4.27
105,M1,7,6200,325.2,22.8744,4.34
105,M1,7,6300,329.6,23.2253,4.41
105,M1,7,6400,333.9,23.5761,4.48
105,M1,7,6500,338.2,23.927,4.55
105,M1,7,6600,342.6,24.2779,4.62
105,M1,7,6700,347.0,24.6288,4.69
105,M1,7,6800,351.3,24.9796,4.76
105,M1,7,6900,355.7,25.3305,4.83
105,M1,7,7000,360.1,25.6814,4.9
105,M1,7,7100,364.5,26.0323,4.97
105,M1,7,7200,368.9,26.3832,5.04
105,M1,7,7300,373.3,26.734,5.11
105,M1,7,7400,377.7,27.0849,5.18
105,M1,7,7500,382.1,27.4358,5.25
105,M1,7,7600,386.6,27.7867,5.32
105,M1,7,7700,391.0,28.1375,5.39
105,M1,7,7800,395.5,28.4884,5.46
105,M1,7,7900,399.9,28.8393,5.53
105,M1,7,8000,404.4,29.1902,5.6
105,M1,7,8100,408.9,29.5411,5.67
105,M1,7,8200,413.3,29.8919,5.74
105,M1,7,8300,417.8,30.2428,5.81
105,M1,7,8400,422.3,30.5937,5.88
105,M1,7,8500,426.8,30.9446,5.95
105,M1,7,8600,431.4,31.2954,6.02
105,M1,7,8700,435.9,31.6463,6.09
105,M1,7,8800,440.4,31.9972,6.16
105,M1,7,8900,445.0,32.3481,6.23
105,M1,7,9000,449.5,32.6989,6.3
105,M1,7,9100,454.1,33.0498,6.37
105,M1,7,9200,458.6,33.4007,6.44
105,M1,7,9300,463.2,33.7516,6.51
105,M1,7,9400,467.8,34.1025,6.58
105,M1,7,9500,472.4,34.4533,6.65
105,M1,7,9600,477.0,34.8042,6.72
105,M1,7,9700,481.6,35.1551,6.79
105,M1,7,9800,486.2,35.506,6.86
105,M1,7,9900,490.9,35.8568,6.93
105,M1,7,10000,495.5,36.2077,7.0
105,M67,4,1000,80.4,4.1488,0.4
105,M67,4,1100,84.3,4.4996,0.44
105,M67,4,1200,88.2,4.8505,0.48
105,M67,4,1300,92.1,5.2014,0.52
105,M67,4,1400,96.0,5.5523,0.56
105,M67,4,1500,99.9,5.9032,0.6
105,M67,4,1600,103.9,6.254,0.64
105,M67,4,1700,107.8,6.6049,0.68
105,M67,4,1800,111.8,6.9558,0.72
105,M67,4,1900,115.7,7.3067,0.76
105,M67,4,2000,119.7,7.6575,0.8
105,M67,4,2100,123.7,8.0084,0.84
105,M67,4,2200,127.6,8.3593,0.88
105,M67,4,2300,131.6,8.7102,0.92
105,M67,4,2400,135.6,9.0611,0.96
105,M67,4,2500,139.6,9.4119,1.0
105,M67,4,2600,143.6,9.7628,1.04
105,M67,4,2700,147.7,10.1137,1.08
105,M67,4,2800,151.7,10.4646,1.12
105,M67,4,2900,155.7,10.8154,1.16
105,M67,4,3000,159.8,11.1663,1.2
105,M67,4,3100,163.8,11.5172,1.24
105,M67,4,3200,167.9,11.8681,1.28
105,M67,4,3300,172.0,12.2189,1.32
105,M67,4,3400,176.1,12.5698,1.36
105,M67,4,3500,180.1,12.9207,1.4
105,M67,4,3600,184.2,13.2716,1.44
105,M67,4,3700,188.3,13.6225,1.48
105,M67,4,3800,192.5,13.9733,1.52
105,M67,4,3900,196.6,14.3242,1.56
105,M67,4,4000,200.7,14.6751,1.6
105,M67,4,4100,204.9,15.026,1.64
105,M67,4,4200,209.0,15.3768,1.68
105,M67,4,4300,213.2,15.7277,1.72
105,M67,4,4400,217.3,16.0786,1.76
105,M67,4,4500,221.5,16.4295,1.8
105,M67,4,4600,225.7,16.7804,1.84
105,M67,4,4700,229.9,17.1312,1.88
105,M67,4,4800,234.1,17.4821,1.92
105,M67,4,4900,238.3,17.833,1.96
105,M67,4,5000,242.5,18.1839,2.0
105,M67,4,5100,246.7,18.5347,2.04
105,M67,4,5200,251.0,18.8856,2.08
105,M67,4,5300,255.2,19.2365,2.12
105,M67,4,5400,259.4,19.5874,2.16
105,M67,4,5500,263.7,19.9382,2.2
105,M67,4,5600,268.0,20.2891,2.24
105,M67,4,5700,272.2,20.64,2.28
105,M67,4,5800,276.5,20.9909,2.32
105,M67,4,5900,280.8,21.3418,2.36
105,M67,4,6000,285.1,21.6926,2.4
105,M67,5,1500,110.4,6.0632,0.75
105,M67,5,1600,114.4,6.414,0.8
105,M67,5,1700,118.3,6.7649,0.85
105,M67,5,1800,122.3,7.1158,0.9
105,M67,5,1900,126.2,7.4667,0.95
105,M67,5,2000,130.2,7.8175,1.0
105,M67,5,2100,134.2,8.1684,1.05
105,M67,5,2200,138.1,8.5193,1.1
105,M67,5,2300,142.1,8.8702,1.15
105,M67,5,2400,146.1,9.2211,1.2
105,M67,5,2500,150.1,9.5719,1.25
105,M67,5,2600,154.1,9.9228,1.3
105,M67,5,2700,158.2,10.2737,1.35
105,M67,5,2800,162.2,10.6246,1.4
105,M67,5,2900,166.2,10.9754,1.45
105,M67,5,3000,170.3,11.3263,1.5
105,M67,5,3100,174.3,11.6772,1.55
105,M67,5,3200,178.4,12.0281,1.6
105,M67,5,3300,182.5,12.3789,1.65
105,M67,5,3400,186.6,12.7298,1.7
105,M67,5,3500,190.6,13.0807,1.75
105,M67,5,3600,194.7,13.4316,1.8
105,M67,5,3700,198.8,13.7825,1.85
105,M67,5,3800,203.0,14.1333,1.9
105,M67,5,3900,207.1,14.4842,1.95
105,M67,5,4000,211.2,14.8351,2.0
105,M67,5,4100,215.4,15.186,2.05
105,M67,5,4200,219.5,15.5368,2.1
105,M67,5,4300,223.7,15.8877,2.15
105,M67,5,4400,227.8,16.2386,2.2
105,M67,5,4500,232.0,16.5895,2.25
105,M67,5,4600,236.2,16.9404,2.3
105,M67,5,4700,240.4,17.2912,2.35
105,M67,5,4800,244.6,17.6421,2.4
105,M67,5,4900,248.8,17.993,2.45
105,M67,5,5000,253.0,18.3439,2.5
105,M67,5,5100,257.2,18.6947,2.55
105,M67,5,5200,261.5,19.0456,2.6
105,M67,5,5300,265.7,19.3965,2.65
105,M67,5,5400,269.9,19.7474,2.7
105,M67,5,5500,274.2,20.0982,2.75
105,M67,5,5600,278.5,20.4491,2.8
105,M67,5,5700,282.7,20.8,2.85
105,M67,5,5800,287.0,21.1509,2.9
105,M67,5,5900,291.3,21.5018,2.95
105,M67,5,6000,295.6,21.8526,3.0
105,M67,5,6100,299.9,22.2035,3.05
105,M67,5,6200,304.2,22.5544,3.1
105,M67,5,6300,308.6,22.9053,3.15
105,M67,5,6400,312.9,23.2561,3.2
105,M67,5,6500,317.2,23.607,3.25
105,M67,5,6600,321.6,23.9579,3.3
105,M67,5,6700,326.0,24.3088,3.35
105,M67,5,6800,330.3,24.6596,3.4
105,M67,5,6900,334.7,25.0105,3.45
105,M67,5,7000,339.1,25.3614,3.5
105,M67,5,7100,343.5,25.7123,3.55
105,M67,5,7200,347.9,26.0632,3.6
105,M67,5,7300,352.3,26.414,3.65
105,M67,5,7400,356.7,26.7649,3.7
105,M67,5,7500,361.1,27.1158,3.75
105,M67,6,2000,140.7,7.9775,1.2
105,M67,6,2100,144.7,8.3284,1.26
105,M67,6,2200,148.6,8.6793,1.32
105,M67,6,2300,152.6,9.0302,1.38
105,M67,6,2400,156.6,9.3811,1.44
105,M67,6,2500,160.6,9.7319,1.5
105,M67,6,2600,164.6,10.0828,1.56
105,M67,6,2700,168.7,10.4337,1.62
105,M67,6,2800,172.7,10.7846,1.68
105,M67,6,2900,176.7,11.1354,1.74
105,M67,6,3000,180.8,11.4863,1.8
105,M67,6,3100,184.8,11.8372,1.86
105,M67,6,3200,188.9,12.1881,1.92
105,M67,6,3300,193.0,12.5389,1.98
105,M67,6,3400,197.1,12.8898,2.04
105,M67,6,3500,201.1,13.2407,2.1
105,M67,6,3600,205.2,13.5916,2.16
105,M67,6,3700,209.3,13.9425,2.22
105,M67,6,3800,213.5,14.2933,2.28
105,M67,6,3900,217.6,14.6442,2.34
105,M67,6,4000,221.7,14.9951,2.4
105,M67,6,4100,225.9,15.346,2.46
105,M67,6,4200,230.0,15.6968,2.52
105,M67,6,4300,234.2,16.0477,2.58
105,M67,6,4400,238.3,16.3986,2.64
105,M67,6,4500,242.5,16.7495,2.7
105,M67,6,4600,246.7,17.1004,2.76
105,M67,6,4700,250.9,17.4512,2.82
105,M67,6,4800,255.1,17.8021,2.88
105,M67,6,4900,259.3,18.153,2.94
105,M67,6,5000,263.5,18.5039,3.0
105,M67,6,5100,267.7,18.8547,3.06
105,M67,6,5200,272.0,19.2056,3.12
105,M67,6,5300,276.2,19.5565,3.18
105,M67,6,5400,280.4,19.9074,3.24
105,M67,6,5500,284.7,20.2582,3.3
105,M67,6,5600,289.0,20.6091,3.36
105,M67,6,5700,293.2,20.96,3.42
105,M67,6,5800,297.5,21.3109,3.48
105,M67,6,5900,301.8,21.6618,3.54
105,M67,6,6000,306.1,22.0126,3.6
105,M67,6,6100,310.4,22.3635,3.66
105,M67,6,6200,314.7,22.7144,3.72
105,M67,6,6300,319.1,23.0653,3.78
105,M67,6,6400,323.4,23.4161,3.84
105,M67,6,6500,327.7,23.767,3.9
105,M67,6,6600,332.1,24.1179,3.96
105,M67,6,6700,336.5,24.4688,4.02
105,M67,6,6800,340.8,24.8196,4.08
105,M67,6,6900,345.2,25.1705,4.14
105,M67,6,7000,349.6,25.5214,4.2
105,M67,6,7100,354.0,25.8723,4.26
105,M67,6,7200,358.4,26.2232,4.32
105,M67,6,7300,362.8,26.574,4.38
105,M67,6,7400,367.2,26.9249,4.44
105,M67,6,7500,371.6,27.2758,4.5
105,M67,6,7600,376.1,27.6267,4.56
105,M67,6,7700,380.5,27.9775,4.62
105,M67,6,7800,385.0,28.3284,4.68
105,M67,6,7900,389.4,28.6793,4.74
105,M67,6,8000,393.9,29.0302,4.8
105,M67,6,8100,398.4,29.3811,4.86
105,M67,6,8200,402.8,29.7319,4.92
105,M67,6,8300,407.3,30.0828,4.98
105,M67,6,8400,411.8,30.4337,5.04
105,M67,6,8500,416.3,30.7846,5.1
105,M67,6,8600,420.9,31.1354,5.16
105,M67,6,8700,425.4,31.4863,5.22
105,M67,6,8800,429.9,31.8372,5.28
105,M67,6,8900,434.5,32.1881,5.34
105,M67,6,9000,439.0,32.5389,5.4
105,M67,7,3000,191.3,11.6463,2.1
105,M67,7,3100,195.3,11.9972,2.17
105,M67,7,3200,199.4,12.3481,2.24
105,M67,7,3300,203.5,12.6989,2.31
105,M67,7,3400,207.6,13.0498,2.38
105,M67,7,3500,211.6,13.4007,2.45
105,M67,7,3600,215.7,13.7516,2.52
105,M67,7,3700,219.8,14.1025,2.59
105,M67,7,3800,224.0,14.4533,2.66
105,M67,7,3900,228.1,14.8042,2.73
105,M67,7,4000,232.2,15.1551,2.8
105,M67,7,4100,236.4,15.506,2.87
105,M67,7,4200,240.5,15.8568,2.94
105,M67,7,4300,244.7,16.2077,3.01
105,M67,7,4400,248.8,16.5586,3.08
105,M67,7,4500,253.0,16.9095,3.15
105,M67,7,4600,257.2,17.2604,3.22
105,M67,7,4700,261.4,17.6112,3.29
105,M67,7,4800,265.6,17.9621,3.36
105,M67,7,4900,269.8,18.313,3.43
105,M67,7,5000,274.0,18.6639,3.5
105,M67,7,5100,278.2,19.0147,3.57
105,M67,7,5200,282.5,19.3656,3.64
105,M67,7,5300,286.7,19.7165,3.71
105,M67,7,5400,290.9,20.0674,3.78
105,M67,7,5500,295.2,20.4182,3.85
105,M67,7,5600,299.5,20.7691,3.92
105,M67,7,5700,303.7,21.12,3.99
105,M67,7,5800,308.0,21.4709,4.06
105,M67,7,5900,312.3,21.8218,4.13
105,M67,7,6000,316.6,22.1726,4.2
105,M67,7,6100,320.9,22.5235,4.27
105,M67,7,6200,325.2,22.8744,4.34
105,M67,7,6300,329.6,23.2253,4.41
105,M67,7,6400,333.9,23.5761,4.48
105,M67,7,6500,338.2,23.927,4.55
105,M67,7,6600,342.6,24.2779,4.62
105,M67,7,6700,347.0,24.6288,4.69
105,M67,7,6800,351.3,24.9796,4.76
105,M67,7,6900,355.7,25.3305,4.83
105,M67,7,7000,360.1,25.6814,4.9
105,M67,7,7100,364.5,26.0323,4.97
105,M67,7,7200,368.9,26.3832,5.04
105,M67,7,7300,373.3,26.734,5.11
105,M67,7,7400,377.7,27.0849,5.18
105,M67,7,7500,382.1,27.4358,5.25
105,M67,7,7600,386.6,27.7867,5.32
105,M67,7,7700,391.0,28.1375,5.39
105,M67,7,7800,395.5,28.4884,5.46
105,M67,7,7900,399.9,28.8393,5.53
105,M67,7,8000,404.4,29.1902,5.6
105,M67,7,8100,408.9,29.5411,5.67
105,M67,7,8200,413.3,29.8919,5.74
105,M67,7,8300,417.8,30.2428,5.81
105,M67,7,8400,422.3,30.5937,5.88
105,M67,7,8500,426.8,30.9446,5.95
105,M67,7,8600,431.4,31.2954,6.02
105,M67,7,8700,435.9,31.6463,6.09
105,M67,7,8800,440.4,31.9972,6.16
105,M67,7,8900,445.0,32.3481,6.23
105,M67,7,9000,449.5,32.6989,6.3
105,M67,7,9100,454.1,33.0498,6.37
105,M67,7,9200,458.6,33.4007,6.44
105,M67,7,9300,463.2,33.7516,6.51
105,M67,7,9400,467.8,34.1025,6.58
105,M67,7,9500,472.4,34.4533,6.65
105,M67,7,9600,477.0,34.8042,6.72
105,M67,7,9700,481.6,35.1551,6.79
105,M67,7,9800,486.2,35.506,6.86
105,M67,7,9900,490.9,35.8568,6.93
105,M67,7,10000,495.5,36.2077,7.0
105,HEA,4,1000,80.4,4.1488,0.384
105,HEA,4,1100,84.3,4.4996,0.4224
105,HEA,4,1200,88.2,4.8505,0.4608
105,HEA,4,1300,92.1,5.2014,0.4992
105,HEA,4,1400,96.0,5.5523,0.5376
105,HEA,4,1500,99.9,5.9032,0.576
105,HEA,4,1600,103.9,6.254,0.6144
105,HEA,4,1700,107.8,6.6049,0.6528
105,HEA,4,1800,111.8,6.9558,0.6912
105,HEA,4,1900,115.7,7.3067,0.7296
105,HEA,4,2000,119.7,7.6575,0.768
105,HEA,4,2100,123.7,8.0084,0.8064
105,HEA,4,2200,127.6,8.3593,0.8448
105,HEA,4,2300,131.6,8.7102,0.8832
105,HEA,4,2400,135.6,9.0611,0.9216
105,HEA,4,2500,139.6,9.4119,0.96
105,HEA,4,2600,143.6,9.7628,0.9984
105,HEA,4,2700,147.7,10.1137,1.0368
105,HEA,4,2800,151.7,10.4646,1.0752
105,HEA,4,2900,155.7,10.8154,1.1136
105,HEA,4,3000,159.8,11.1663,1.152
105,HEA,4,3100,163.8,11.5172,1.1904
105,HEA,4,3200,167.9,11.8681,1.2288
105,HEA,4,3300,172.0,12.2189,1.2672
105,HEA,4,3400,176.1,12.5698,1.3056
105,HEA,4,3500,180.1,12.9207,1.344
105,HEA,4,3600,184.2,13.2716,1.3824
105,HEA,4,3700,188.3,13.6225,1.4208
105,HEA,4,3800,192.5,13.9733,1.4592
105,HEA,4,3900,196.6,14.3242,1.4976
105,HEA,4,4000,200.7,14.6751,1.536
105,HEA,4,4100,204.9,15.026,1.5744
105,HEA,4,4200,209.0,15.3768,1.6128
105,HEA,4,4300,213.2,15.7277,1.6512
105,HEA,4,4400,217.3,16.0786,1.6896
105,HEA,4,4500,221.5,16.4295,1.728
105,HEA,4,4600,225.7,16.7804,1.7664
105,HEA,4,4700,229.9,17.1312,1.8048
105,HEA,4,4800,234.1,17.4821,1.8432
105,HEA,4,4900,238.3,17.833,1.8816
105,HEA,4,5000,242.5,18.1839,1.92
105,HEA,4,5100,246.7,18.5347,1.9584
105,HEA,4,5200,251.0,18.8856,1.9968
105,HEA,4,5300,255.2,19.2365,2.0352
105,HEA,4,5400,259.4,19.5874,2.0736
105,HEA,4,5500,263.7,19.9382,2.112
105,HEA,4,5600,268.0,20.2891,2.1504
105,HEA,4,5700,272.2,20.64,2.1888
105,HEA,4,5800,276.5,20.9909,2.2272
105,HEA,4,5900,280.8,21.3418,2.2656
105,HEA,4,6000,285.1,21.6926,2.304
105,HEA,4,6100,289.4,22.0435,2.3424
105,HEA,4,6200,293.7,22.3944,2.3808
105,HEA,4,6300,298.1,22.7453,2.4192
105,HEA,4,6400,302.4,23.0961,2.4576
105,HEA,4,6500,306.7,23.447,2.496
105,HEA,4,6600,311.1,23.7979,2.5344
105,HEA,4,6700,315.5,24.1488,2.5728
105,HEA,4,6800,319.8,24.4996,2.6112
105,HEA,4,6900,324.2,24.8505,2.6496
105,HEA,4,7000,328.6,25.2014,2.688
105,HEA,5,1500,110.4,6.0632,0.72
105,HEA,5,1600,114.4,6.414,0.768
105,HEA,5,1700,118.3,6.7649,0.816
105,HEA,5,1800,122.3,7.1158,0.864
105,HEA,5,1900,126.2,7.4667,0.912
105,HEA,5,2000,130.2,7.8175,0.96
105,HEA,5,2100,134.2,8.1684,1.008
105,HEA,5,2200,138.1,8.5193,1.056
105,HEA,5,2300,142.1,8.8702,1.104
105,HEA,5,2400,146.1,9.2211,1.152
105,HEA,5,2500,150.1,9.5719,1.2
105,HEA,5,2600,154.1,9.9228,1.248
105,HEA,5,2700,158.2,10.2737,1.296
105,HEA,5,2800,162.2,10.6246,1.344
105,HEA,5,2900,166.2,10.9754,1.392
105,HEA,5,3000,170.3,11.3263,1.44
105,HEA,5,3100,174.3,11.6772,1.488
105,HEA,5,3200,178.4,12.0281,1.536
105,HEA,5,3300,182.5,12.3789,1.584
105,HEA,5,3400,186.6,12.7298,1.632
105,HEA,5,3500,190.6,13.0807,1.68
105,HEA,5,3600,194.7,13.4316,1.728
105,HEA,5,3700,198.8,13.7825,1.776
105,HEA,5,3800,203.0,14.1333,1.824
105,HEA,5,3900,207.1,14.4842,1.872
105,HEA,5,4000,211.2,14.8351,1.92
105,HEA,5,4100,215.4,15.186,1.968
105,HEA,5,4200,219.5,15.5368,2.016
105,HEA,5,4300,223.7,15.8877,2.064
105,HEA,5,4400,227.8,16.2386,2.112
105,HEA,5,4500,232.0,16.5895,2.16
105,HEA,5,4600,236.2,16.9404,2.208
105,HEA,5,4700,240.4,17.2912,2.256
105,HEA,5,4800,244.6,17.6421,2.304
105,HEA,5,4900,248.8,17.993,2.352
105,HEA,5,5000,253.0,18.3439,2.4
105,HEA,5,5100,257.2,18.6947,2.448
105,HEA,5,5200,261.5,19.0456,2.496
105,HEA,5,5300,265.7,19.3965,2.544
105,HEA,5,5400,269.9,19.7474,2.592
105,HEA,5,5500,274.2,20.0982,2.64
105,HEA,5,5600,278.5,20.4491,2.688
105,HEA,5,5700,282.7,20.8,2.736
105,HEA,5,5800,287.0,21.1509,2.784
105,HEA,5,5900,291.3,21.5018,2.832
105,HEA,5,6000,295.6,21.8526,2.88
105,HEA,5,6100,299.9,22.2035,2.928
105,HEA,5,6200,304.2,22.5544,2.976
105,HEA,5,6300,308.6,22.9053,3.024
105,HEA,5,6400,312.9,23.2561,3.072
105,HEA,5,6500,317.2,23.607,3.12
105,HEA,5,6600,321.6,23.9579,3.168
105,HEA,5,6700,326.0,24.3088,3.216
105,HEA,5,6800,330.3,24.6596,3.264
105,HEA,5,6900,334.7,25.0105,3.312
105,HEA,5,7000,339.1,25.3614,3.36
105,HEA,5,7100,343.5,25.7123,3.408
105,HEA,5,7200,347.9,26.0632,3.456
105,HEA,5,7300,352.3,26.414,3.504
105,HEA,5,7400,356.7,26.7649,3.552
105,HEA,5,7500,361.1,27.1158,3.6
105,HEA,5,7600,365.6,27.4667,3.648
105,HEA,5,7700,370.0,27.8175,3.696
105,HEA,5,7800,374.5,28.1684,3.744
105,HEA,5,7900,378.9,28.5193,3.792
105,HEA,5,8000,383.4,28.8702,3.84
105,HEA,5,8100,387.9,29.2211,3.888
105,HEA,5,8200,392.3,29.5719,3.936
105,HEA,5,8300,396.8,29.9228,3.984
105,HEA,5,8400,401.3,30.2737,4.032
105,HEA,5,8500,405.8,30.6246,4.08
105,HEA,6,2000,140.7,7.9775,1.152
105,HEA,6,2100,144.7,8.3284,1.2096
105,HEA,6,2200,148.6,8.6793,1.2672
105,HEA,6,2300,152.6,9.0302,1.3248
105,HEA,6,2400,156.6,9.3811,1.3824
105,HEA,6,2500,160.6,9.7319,1.44
105,HEA,6,2600,164.6,10.0828,1.4976
105,HEA,6,2700,168.7,10.4337,1.5552
105,HEA,6,2800,172.7,10.7846,1.6128
105,HEA,6,2900,176.7,11.1354,1.6704
105,HEA,6,3000,180.8,11.4863,1.728
105,HEA,6,3100,184.8,11.8372,1.7856
105,HEA,6,3200,188.9,12.1881,1.8432
105,HEA,6,3300,193.0,12.5389,1.9008
105,HEA,6,3400,197.1,12.8898,1.9584
105,HEA,6,3500,201.1,13.2407,2.016
105,HEA,6,3600,205.2,13.5916,2.0736
105,HEA,6,3700,209.3,13.9425,2.1312
105,HEA,6,3800,213.5,14.2933,2.1888
105,HEA,6,3900,217.6,14.6442,2.2464
105,HEA,6,4000,221.7,14.9951,2.304
105,HEA,6,4100,225.9,15.346,2.3616
105,HEA,6,4200,230.0,15.6968,2.4192
105,HEA,6,4300,234.2,16.0477,2.4768
105,HEA,6,4400,238.3,16.3986,2.5344
105,HEA,6,4500,242.5,16.7495,2.592
105,HEA,6,4600,246.7,17.1004,2.6496
105,HEA,6,4700,250.9,17.4512,2.7072
105,HEA,6,4800,255.1,17.8021,2.7648
105,HEA,6,4900,259.3,18.153,2.8224
105,HEA,6,5000,263.5,18.5039,2.88
105,HEA,6,5100,267.7,18.8547,2.9376
105,HEA,6,5200,272.0,19.2056,2.9952
105,HEA,6,5300,276.2,19.5565,3.0528
105,HEA,6,5400,280.4,19.9074,3.1104
105,HEA,6,5500,284.7,20.2582,3.168
105,HEA,6,5600,289.0,20.6091,3.2256
105,HEA,6,5700,293.2,20.96,3.2832
105,HEA,6,5800,297.5,21.3109,3.3408
105,HEA,6,5900,301.8,21.6618,3.3984
105,HEA,6,6000,306.1,22.0126,3.456
105,HEA,6,6100,310.4,22.3635,3.5136
105,HEA,6,6200,314.7,22.7144,3.5712
105,HEA,6,6300,319.1,23.0653,3.6288
105,HEA,6,6400,323.4,23.4161,3.6864
105,HEA,6,6500,327.7,23.767,3.744
105,HEA,6,6600,332.1,24.1179,3.8016
105,HEA,6,6700,336.5,24.4688,3.8592
105,HEA,6,6800,340.8,24.8196,3.9168
105,HEA,6,6900,345.2,25.1705,3.9744
105,HEA,6,7000,349.6,25.5214,4.032
105,HEA,6,7100,354.0,25.8723,4.0896
105,HEA,6,7200,358.4,26.2232,4.1472
105,HEA,6,7300,362.8,26.574,4.2048
105,HEA,6,7400,367.2,26.9249,4.2624
105,HEA,6,7500,371.6,27.2758,4.32
105,HEA,6,7600,376.1,27.6267,4.3776
105,HEA,6,7700,380.5,27.9775,4.4352
105,HEA,6,7800,385.0,28.3284,4.4928
105,HEA,6,7900,389.4,28.6793,4.5504
105,HEA,6,8000,393.9,29.0302,4.608
105,HEA,6,8100,398.4,29.3811,4.6656
105,HEA,6,8200,402.8,29.7319,4.7232
105,HEA,6,8300,407.3,30.0828,4.7808
105,HEA,6,8400,411.8,30.4337,4.8384
105,HEA,6,8500,416.3,30.7846,4.896
105,HEA,6,8600,420.9,31.1354,4.9536
105,HEA,6,8700,425.4,31.4863,5.0112
105,HEA,6,8800,429.9,31.8372,5.0688
105,HEA,6,8900,434.5,32.1881,5.1264
105,HEA,6,9000,439.0,32.5389,5.184
105,HEA,6,9100,443.6,32.8898,5.2416
105,HEA,6,9200,448.1,33.2407,5.2992
105,HEA,6,9300,452.7,33.5916,5.3568
105,HEA,6,9400,457.3,33.9425,5.4144
105,HEA,6,9500,461.9,34.2933,5.472
105,HEA,6,9600,466.5,34.6442,5.5296
105,HEA,6,9700,471.1,34.9951,5.5872
105,HEA,6,9800,475.7,35.346,5.6448
105,HEA,6,9900,480.4,35.6968,5.7024
105,HEA,6,10000,485.0,36.0477,5.76
105,HEA,7,3000,191.3,11.6463,2.016
105,HEA,7,3100,195.3,11.9972,2.0832
105,HEA,7,3200,199.4,12.3481,2.1504
105,HEA,7,3300,203.5,12.6989,2.2176
105,HEA,7,3400,207.6,13.0498,2.2848
105,HEA,7,3500,211.6,13.4007,2.352
105,HEA,7,3600,215.7,13.7516,2.4192
105,HEA,7,3700,219.8,14.1025,2.4864
105,HEA,7,3800,224.0,14.4533,2.5536
105,HEA,7,3900,228.1,14.8042,2.6208
105,HEA,7,4000,232.2,15.1551,2.688
105,HEA,7,4100,236.4,15.506,2.7552
105,HEA,7,4200,240.5,15.8568,2.8224
105,HEA,7,4300,244.7,16.2077,2.8896
105,HEA,7,4400,248.8,16.5586,2.9568
105,HEA,7,4500,253.0,16.9095,3.024
105,HEA,7,4600,257.2,17.2604,3.0912
105,HEA,7,4700,261.4,17.6112,3.1584
105,HEA,7,4800,265.6,17.9621,3.2256
105,HEA,7,4900,269.8,18.313,3.2928
105,HEA,7,5000,274.0,18.6639,3.36
105,HEA,7,5100,278.2,19.0147,3.4272
105,HEA,7,5200,282.5,19.3656,3.4944
105,HEA,7,5300,286.7,19.7165,3.5616
105,HEA,7,5400,290.9,20.0674,3.6288
105,HEA,7,5500,295.2,20.4182,3.696
105,HEA,7,5600,299.5,20.7691,3.7632
105,HEA,7,5700,303.7,21.12,3.8304
105,HEA,7,5800,308.0,21.4709,3.8976
105,HEA,7,5900,312.3,21.8218,3.9648
105,HEA,7,6000,316.6,22.1726,4.032
105,HEA,7,6100,320.9,22.5235,4.0992
105,HEA,7,6200,325.2,22.8744,4.1664
105,HEA,7,6300,329.6,23.2253,4.2336
105,HEA,7,6400,333.9,23.5761,4.3008
105,HEA,7,6500,338.2,23.927,4.368
105,HEA,7,6600,342.6,24.2779,4.4352
105,HEA,7,6700,347.0,24.6288,4.5024
105,HEA,7,6800,351.3,24.9796,4.5696
105,HEA,7,6900,355.7,25.3305,4.6368
105,HEA,7,7000,360.1,25.6814,4.704
105,HEA,7,7100,364.5,26.0323,4.7712
105,HEA,7,7200,368.9,26.3832,4.8384
105,HEA,7,7300,373.3,26.734,4.9056
105,HEA,7,7400,377.7,27.0849,4.9728
105,HEA,7,7500,382.1,27.4358,5.04
105,HEA,7,7600,386.6,27.7867,5.1072
105,HEA,7,7700,391.0,28.1375,5.1744
105,HEA,7,7800,395.5,28.4884,5.2416
105,HEA,7,7900,399.9,28.8393,5.3088
105,HEA,7,8000,404.4,29.1902,5.376
105,HEA,7,8100,408.9,29.5411,5.4432
105,HEA,7,8200,413.3,29.8919,5.5104
105,HEA,7,8300,417.8,30.2428,5.5776
105,HEA,7,8400,422.3,30.5937,5.6448
105,HEA,7,8500,426.8,30.9446,5.712
105,HEA,7,8600,431.4,31.2954,5.7792
105,HEA,7,8700,435.9,31.6463,5.8464
105,HEA,7,8800,440.4,31.9972,5.9136
105,HEA,7,8900,445.0,32.3481,5.9808
105,HEA,7,9000,449.5,32.6989,6.048
105,HEA,7,9100,454.1,33.0498,6.1152
105,HEA,7,9200,458.6,33.4007,6.1824
105,HEA,7,9300,463.2,33.7516,6.2496
105,HEA,7,9400,467.8,34.1025,6.3168
105,HEA,7,9500,472.4,34.4533,6.384
105,HEA,7,9600,477.0,34.8042,6.4512
105,HEA,7,9700,481.6,35.1551,6.5184
105,HEA,7,9800,486.2,35.506,6.5856
105,HEA,7,9900,490.9,35.8568,6.6528
105,HEA,7,10000,495.5,36.2077,6.72
105,HEA,7,10100,500.1,36.5586,6.7872
105,HEA,7,10200,504.8,36.9095,6.8544
105,HEA,7,10300,509.5,37.2604,6.9216
105,HEA,7,10400,514.1,37.6112,6.9888
105,HEA,7,10500,518.8,37.9621,7.056
105,HEA,7,10600,523.5,38.313,7.1232
105,HEA,7,10700,528.2,38.6639,7.1904
105,HEA,7,10800,532.9,39.0147,7.2576
105,HEA,7,10900,537.6,39.3656,7.3248
105,HEA,7,11000,542.3,39.7165,7.392
105,HEA,7,11100,547.0,40.0674,7.4592
105,HEA,7,11200,551.8,40.4182,7.5264
105,HEA,7,11300,556.5,40.7691,7.5936
105,HEA,7,11400,561.3,41.12,7.6608
105,HEA,7,11500,566.0,41.4709,7.728
105,ILA,4,1000,86.8,4.395,0.416
105,ILA,4,1100,90.8,4.7605,0.4576
105,ILA,4,1200,94.9,5.126,0.4992
105,ILA,4,1300,98.9,5.4915,0.5408
105,ILA,4,1400,103.0,5.857,0.5824
105,ILA,4,1500,107.1,6.2225,0.624
105,ILA,4,1600,111.2,6.588,0.6656
105,ILA,4,1700,115.3,6.9535,0.7072
105,ILA,4,1800,119.4,7.3189,0.7488
105,ILA,4,1900,123.5,7.6844,0.7904
105,ILA,4,2000,127.7,8.0499,0.832
105,ILA,4,2100,131.8,8.4154,0.8736
105,ILA,4,2200,136.0,8.7809,0.9152
105,ILA,4,2300,140.1,9.1464,0.9568
105,ILA,4,2400,144.3,9.5119,0.9984
105,ILA,4,2500,148.4,9.8774,1.04
105,ILA,4,2600,152.6,10.2429,1.0816
105,ILA,4,2700,156.8,10.6084,1.1232
105,ILA,4,2800,161.0,10.9739,1.1648
105,ILA,4,2900,165.2,11.3394,1.2064
105,ILA,4,3000,169.4,11.7049,1.248
105,ILA,4,3100,173.7,12.0704,1.2896
105,ILA,4,3200,177.9,12.4359,1.3312
105,ILA,4,3300,182.1,12.8014,1.3728
105,ILA,4,3400,186.4,13.1669,1.4144
105,ILA,4,3500,190.7,13.5324,1.456
105,ILA,4,3600,194.9,13.8979,1.4976
105,ILA,4,3700,199.2,14.2634,1.5392
105,ILA,4,3800,203.5,14.6289,1.5808
105,ILA,4,3900,207.8,14.9944,1.6224
105,ILA,4,4000,212.1,15.3599,1.664
105,ILA,4,4100,216.4,15.7254,1.7056
105,ILA,4,4200,220.7,16.0909,1.7472
105,ILA,4,4300,225.0,16.4564,1.7888
105,ILA,4,4400,229.4,16.8219,1.8304
105,ILA,4,4500,233.7,17.1874,1.872
105,ILA,4,4600,238.1,17.5529,1.9136
105,ILA,4,4700,242.5,17.9184,1.9552
105,ILA,4,4800,246.8,18.2839,1.9968
105,ILA,4,4900,251.2,18.6494,2.0384
105,ILA,4,5000,255.6,19.0149,2.08
105,ILA,5,1500,118.0,6.3825,0.78
105,ILA,5,1600,122.1,6.748,0.832
105,ILA,5,1700,126.2,7.1135,0.884
105,ILA,5,1800,130.4,7.4789,0.936
105,ILA,5,1900,134.5,7.8444,0.988
105,ILA,5,2000,138.6,8.2099,1.04
105,ILA,5,2100,142.7,8.5754,1.092
105,ILA,5,2200,146.9,8.9409,1.144
105,ILA,5,2300,151.0,9.3064,1.196
105,ILA,5,2400,155.2,9.6719,1.248
105,ILA,5,2500,159.4,10.0374,1.3
105,ILA,5,2600,163.6,10.4029,1.352
105,ILA,5,2700,167.8,10.7684,1.404
105,ILA,5,2800,172.0,11.1339,1.456
105,ILA,5,2900,176.2,11.4994,1.508
105,ILA,5,3000,180.4,11.8649,1.56
105,ILA,5,3100,184.6,12.2304,1.612
105,ILA,5,3200,188.8,12.5959,1.664
105,ILA,5,3300,193.1,12.9614,1.716
105,ILA,5,3400,197.3,13.3269,1.768
105,ILA,5,3500,201.6,13.6924,1.82
105,ILA,5,3600,205.9,14.0579,1.872
105,ILA,5,3700,210.1,14.4234,1.924
105,ILA,5,3800,214.4,14.7889,1.976
105,ILA,5,3900,218.7,15.1544,2.028
105,ILA,5,4000,223.0,15.5199,2.08
105,ILA,5,4100,227.3,15.8854,2.132
105,ILA,5,4200,231.7,16.2509,2.184
105,ILA,5,4300,236.0,16.6164,2.236
105,ILA,5,4400,240.3,16.9819,2.288
105,ILA,5,4500,244.7,17.3474,2.34
105,ILA,5,4600,249.0,17.7129,2.392
105,ILA,5,4700,253.4,18.0784,2.444
105,ILA,5,4800,257.8,18.4439,2.496
105,ILA,5,4900,262.2,18.8094,2.548
105,ILA,5,5000,266.5,19.1749,2.6
105,ILA,5,5100,270.9,19.5404,2.652
105,ILA,5,5200,275.4,19.9058,2.704
105,ILA,5,5300,279.8,20.2713,2.756
105,ILA,5,5400,284.2,20.6368,2.808
105,ILA,5,5500,288.6,21.0023,2.86
105,ILA,5,5600,293.1,21.3678,2.912
105,ILA,5,5700,297.5,21.7333,2.964
105,ILA,5,5800,302.0,22.0988,3.016
105,ILA,5,5900,306.5,22.4643,3.068
105,ILA,5,6000,310.9,22.8298,3.12
105,ILA,5,6100,315.4,23.1953,3.172
105,ILA,5,6200,319.9,23.5608,3.224
105,ILA,5,6300,324.4,23.9263,3.276
105,ILA,5,6400,328.9,24.2918,3.328
105,ILA,5,6500,333.5,24.6573,3.38
105,ILA,6,2000,149.5,8.3699,1.248
105,ILA,6,2100,153.7,8.7354,1.3104
105,ILA,6,2200,157.8,9.1009,1.3728
105,ILA,6,2300,162.0,9.4664,1.4352
105,ILA,6,2400,166.1,9.8319,1.4976
105,ILA,6,2500,170.3,10.1974,1.56
105,ILA,6,2600,174.5,10.5629,1.6224
105,ILA,6,2700,178.7,10.9284,1.6848
105,ILA,6,2800,182.9,11.2939,1.7472
105,ILA,6,2900,187.1,11.6594,1.8096
105,ILA,6,3000,191.3,12.0249,1.872
105,ILA,6,3100,195.5,12.3904,1.9344
105,ILA,6,3200,199.8,12.7559,1.9968
105,ILA,6,3300,204.0,13.1214,2.0592
105,ILA,6,3400,208.3,13.4869,2.1216
105,ILA,6,3500,212.5,13.8524,2.184
105,ILA,6,3600,216.8,14.2179,2.2464
105,ILA,6,3700,221.1,14.5834,2.3088
105,ILA,6,3800,225.4,14.9489,2.3712
105,ILA,6,3900,229.7,15.3144,2.4336
105,ILA,6,4000,234.0,15.6799,2.496
105,ILA,6,4100,238.3,16.0454,2.5584
105,ILA,6,4200,242.6,16.4109,2.6208
105,ILA,6,4300,246.9,16.7764,2.6832
105,ILA,6,4400,251.3,17.1419,2.7456
105,ILA,6,4500,255.6,17.5074,2.808
105,ILA,6,4600,260.0,17.8729,2.8704
105,ILA,6,4700,264.3,18.2384,2.9328
105,ILA,6,4800,268.7,18.6039,2.9952
105,ILA,6,4900,273.1,18.9694,3.0576
105,ILA,6,5000,277.5,19.3349,3.12
105,ILA,6,5100,281.9,19.7004,3.1824
105,ILA,6,5200,286.3,20.0658,3.2448
105,ILA,6,5300,290.7,20.4313,3.3072
105,ILA,6,5400,295.1,20.7968,3.3696
105,ILA,6,5500,299.6,21.1623,3.432
105,ILA,6,5600,304.0,21.5278,3.4944
105,ILA,6,5700,308.5,21.8933,3.5568
105,ILA,6,5800,312.9,22.2588,3.6192
105,ILA,6,5900,317.4,22.6243,3.6816
105,ILA,6,6000,321.9,22.9898,3.744
105,ILA,6,6100,326.4,23.3553,3.8064
105,ILA,6,6200,330.9,23.7208,3.8688
105,ILA,6,6300,335.4,24.0863,3.9312
105,ILA,6,6400,339.9,24.4518,3.9936
105,ILA,6,6500,344.4,24.8173,4.056
105,ILA,6,6600,348.9,25.1828,4.1184
105,ILA,6,6700,353.5,25.5483,4.1808
105,ILA,6,6800,358.0,25.9138,4.2432
105,ILA,6,6900,362.6,26.2793,4.3056
105,ILA,6,7000,367.1,26.6448,4.368
105,ILA,6,7100,371.7,27.0103,4.4304
105,ILA,6,7200,376.3,27.3758,4.4928
105,ILA,6,7300,380.9,27.7413,4.5552
105,ILA,6,7400,385.5,28.1068,4.6176
105,ILA,6,7500,390.1,28.4723,4.68
105,ILA,6,7600,394.7,28.8378,4.7424
105,ILA,6,7700,399.4,29.2033,4.8048
105,ILA,6,7800,404.0,29.5688,4.8672
105,ILA,6,7900,408.6,29.9343,4.9296
105,ILA,6,8000,413.3,30.2998,4.992
105,ILA,7,3000,202.2,12.1849,2.184
105,ILA,7,3100,206.5,12.5504,2.2568
105,ILA,7,3200,210.7,12.9159,2.3296
105,ILA,7,3300,215.0,13.2814,2.4024
105,ILA,7,3400,219.2,13.6469,2.4752
105,ILA,7,3500,223.5,14.0124,2.548
105,ILA,7,3600,227.7,14.3779,2.6208
105,ILA,7,3700,232.0,14.7434,2.6936
105,ILA,7,3800,236.3,15.1089,2.7664
105,ILA,7,3900,240.6,15.4744,2.8392
105,ILA,7,4000,244.9,15.8399,2.912
105,ILA,7,4100,249.2,16.2054,2.9848
105,ILA,7,4200,253.5,16.5709,3.0576
105,ILA,7,4300,257.9,16.9364,3.1304
105,ILA,7,4400,262.2,17.3019,3.2032
105,ILA,7,4500,266.5,17.6674,3.276
105,ILA,7,4600,270.9,18.0329,3.3488
105,ILA,7,4700,275.3,18.3984,3.4216
105,ILA,7,4800,279.6,18.7639,3.4944
105,ILA,7,4900,284.0,19.1294,3.5672
105,ILA,7,5000,288.4,19.4949,3.64
105,ILA,7,5100,292.8,19.8604,3.7128
105,ILA,7,5200,297.2,20.2258,3.7856
105,ILA,7,5300,301.6,20.5913,3.8584
105,ILA,7,5400,306.1,20.9568,3.9312
105,ILA,7,5500,310.5,21.3223,4.004
105,ILA,7,5600,314.9,21.6878,4.0768
105,ILA,7,5700,319.4,22.0533,4.1496
105,ILA,7,5800,323.9,22.4188,4.2224
105,ILA,7,5900,328.3,22.7843,4.2952
105,ILA,7,6000,332.8,23.1498,4.368
105,ILA,7,6100,337.3,23.5153,4.4408
105,ILA,7,6200,341.8,23.8808,4.5136
105,ILA,7,6300,346.3,24.2463,4.5864
105,ILA,7,6400,350.8,24.6118,4.6592
105,ILA,7,6500,355.3,24.9773,4.732
105,ILA,7,6600,359.9,25.3428,4.8048
105,ILA,7,6700,364.4,25.7083,4.8776
105,ILA,7,6800,369.0,26.0738,4.9504
105,ILA,7,6900,373.5,26.4393,5.0232
105,ILA,7,7000,378.1,26.8048,5.096
105,ILA,7,7100,382.7,27.1703,5.1688
105,ILA,7,7200,387.2,27.5358,5.2416
105,ILA,7,7300,391.8,27.9013,5.3144
105,ILA,7,7400,396.4,28.2668,5.3872
105,ILA,7,7500,401.0,28.6323,5.46
105,ILA,7,7600,405.7,28.9978,5.5328
105,ILA,7,7700,410.3,29.3633,5.6056
105,ILA,7,7800,414.9,29.7288,5.6784
105,ILA,7,7900,419.6,30.0943,5.7512
105,ILA,7,8000,424.2,30.4598,5.824
105,ILA,7,8100,428.9,30.8253,5.8968
105,ILA,7,8200,433.6,31.1908,5.9696
105,ILA,7,8300,438.2,31.5563,6.0424
105,ILA,7,8400,442.9,31.9218,6.1152
105,ILA,7,8500,447.6,32.2873,6.188
105,ILA,7,8600,452.3,32.6527,6.2608
105,ILA,7,8700,457.1,33.0182,6.3336
105,ILA,7,8800,461.8,33.3837,6.4064
105,ILA,7,8900,466.5,33.7492,6.4792
105,ILA,7,9000,471.2,34.1147,6.552
155,HE,4,3000,174.2,12.5448,1.2
155,HE,4,3100,178.3,12.9416,1.24
155,HE,4,3200,182.5,13.3384,1.28
155,HE,4,3300,186.6,13.7352,1.32
155,HE,4,3400,190.8,14.1321,1.36
155,HE,4,3500,195.0,14.5289,1.4
155,HE,4,3600,199.1,14.9257,1.44
155,HE,4,3700,203.3,15.3225,1.48
155,HE,4,3800,207.5,15.7194,1.52
155,HE,4,3900,211.7,16.1162,1.56
155,HE,4,4000,215.9,16.513,1.6
155,HE,4,4100,220.1,16.9098,1.64
155,HE,4,4200,224.3,17.3067,1.68
155,HE,4,4300,228.6,17.7035,1.72
155,HE,4,4400,232.8,18.1003,1.76
155,HE,4,4500,237.0,18.4971,1.8
155,HE,4,4600,241.3,18.894,1.84
155,HE,4,4700,245.5,19.2908,1.88
155,HE,4,4800,249.8,19.6876,1.92
155,HE,4,4900,254.0,20.0844,1.96
155,HE,4,5000,258.3,20.4813,2.0
155,HE,4,5100,262.6,20.8781,2.04
155,HE,4,5200,266.9,21.2749,2.08
155,HE,4,5300,271.1,21.6717,2.12
155,HE,4,5400,275.4,22.0686,2.16
155,HE,4,5500,279.7,22.4654,2.2
155,HE,4,5600,284.0,22.8622,2.24
155,HE,4,5700,288.3,23.259,2.28
155,HE,4,5800,292.7,23.6559,2.32
155,HE,4,5900,297.0,24.0527,2.36
155,HE,4,6000,301.3,24.4495,2.4
155,HE,4,6100,305.7,24.8463,2.44
155,HE,4,6200,310.0,25.2432,2.48
155,HE,4,6300,314.4,25.64,2.52
155,HE,4,6400,318.7,26.0368,2.56
155,HE,4,6500,323.1,26.4337,2.6
155,HE,4,6600,327.4,26.8305,2.64
155,HE,4,6700,331.8,27.2273,2.68
155,HE,4,6800,336.2,27.6241,2.72
155,HE,4,6900,340.6,28.021,2.76
155,HE,4,7000,345.0,28.4178,2.8
155,HE,4,7100,349.4,28.8146,2.84
155,HE,4,7200,353.8,29.2114,2.88
155,HE,4,7300,358.2,29.6083,2.92
155,HE,4,7400,362.6,30.0051,2.96
155,HE,4,7500,367.1,30.4019,3.0
155,HE,4,7600,371.5,30.7987,3.04
155,HE,4,7700,375.9,31.1956,3.08
155,HE,4,7800,380.4,31.5924,3.12
155,HE,4,7900,384.8,31.9892,3.16
155,HE,4,8000,389.3,32.386,3.2
155,HE,4,8100,393.7,32.7829,3.24
155,HE,4,8200,398.2,33.1797,3.28
155,HE,4,8300,402.7,33.5765,3.32
155,HE,4,8400,407.2,33.9733,3.36
155,HE,4,8500,411.7,34.3702,3.4
155,HE,4,8600,416.2,34.767,3.44
155,HE,4,8700,420.7,35.1638,3.48
155,HE,4,8800,425.2,35.5606,3.52
155,HE,4,8900,429.7,35.9575,3.56
155,HE,4,9000,434.2,36.3543,3.6
155,HE,5,5000,271.5,20.6413,2.5
155,HE,5,5100,275.8,21.0381,2.55
155,HE,5,5200,280.1,21.4349,2.6
155,HE,5,5300,284.3,21.8317,2.65
155,HE,5,5400,288.6,22.2286,2.7
155,HE,5,5500,292.9,22.6254,2.75
155,HE,5,5600,297.2,23.0222,2.8
155,HE,5,5700,301.5,23.419,2.85
155,HE,5,5800,305.9,23.8159,2.9
155,HE,5,5900,310.2,24.2127,2.95
155,HE,5,6000,314.5,24.6095,3.0
155,HE,5,6100,318.9,25.0063,3.05
155,HE,5,6200,323.2,25.4032,3.1
155,HE,5,6300,327.6,25.8,3.15
155,HE,5,6400,331.9,26.1968,3.2
155,HE,5,6500,336.3,26.5937,3.25
155,HE,5,6600,340.6,26.9905,3.3
155,HE,5,6700,345.0,27.3873,3.35
155,HE,5,6800,349.4,27.7841,3.4
155,HE,5,6900,353.8,28.181,3.45
155,HE,5,7000,358.2,28.5778,3.5
155,HE,5,7100,362.6,28.9746,3.55
155,HE,5,7200,367.0,29.3714,3.6
155,HE,5,7300,371.4,29.7683,3.65
155,HE,5,7400,375.8,30.1651,3.7
155,HE,5,7500,380.2,30.5619,3.75
155,HE,5,7600,384.7,30.9587,3.8
155,HE,5,7700,389.1,31.3556,3.85
155,HE,5,7800,393.6,31.7524,3.9
155,HE,5,7900,398.0,32.1492,3.95
155,HE,5,8000,402.5,32.546,4.0
155,HE,5,8100,406.9,32.9429,4.05
155,HE,5,8200,411.4,33.3397,4.1
155,HE,5,8300,415.9,33.7365,4.15
155,HE,5,8400,420.4,34.1333,4.2
155,HE,5,8500,424.9,34.5302,4.25
155,HE,5,8600,429.4,34.927,4.3
155,HE,5,8700,433.9,35.3238,4.35
155,HE,5,8800,438.4,35.7206,4.4
155,HE,5,8900,442.9,36.1175,4.45
155,HE,5,9000,447.4,36.5143,4.5
155,HE,5,9100,451.9,36.9111,4.55
155,HE,5,9200,456.5,37.3079,4.6
155,HE,5,9300,461.0,37.7048,4.65
155,HE,5,9400,465.6,38.1016,4.7
155,HE,5,9500,470.1,38.4984,4.75
155,HE,5,9600,474.7,38.8952,4.8
155,HE,5,9700,479.3,39.2921,4.85
155,HE,5,9800,483.8,39.6889,4.9
155,HE,5,9900,488.4,40.0857,4.95
155,HE,5,10000,493.0,40.4825,5.0
155,HE,6,6000,327.7,24.7695,3.6
155,HE,6,6100,332.1,25.1663,3.66
155,HE,6,6200,336.4,25.5632,3.72
155,HE,6,6300,340.8,25.96,3.78
155,HE,6,6400,345.1,26.3568,3.84
155,HE,6,6500,349.5,26.7537,3.9
155,HE,6,6600,353.8,27.1505,3.96
155,HE,6,6700,358.2,27.5473,4.02
155,HE,6,6800,362.6,27.9441,4.08
155,HE,6,6900,367.0,28.341,4.14
155,HE,6,7000,371.4,28.7378,4.2
155,HE,6,7100,375.8,29.1346,4.26
155,HE,6,7200,380.2,29.5314,4.32
155,HE,6,7300,384.6,29.9283,4.38
155,HE,6,7400,389.0,30.3251,4.44
155,HE,6,7500,393.4,30.7219,4.5
155,HE,6,7600,397.9,31.1187,4.56
155,HE,6,7700,402.3,31.5156,4.62
155,HE,6,7800,406.8,31.9124,4.68
155,HE,6,7900,411.2,32.3092,4.74
155,HE,6,8000,415.7,32.706,4.8
155,HE,6,8100,420.1,33.1029,4.86
155,HE,6,8200,424.6,33.4997,4.92
155,HE,6,8300,429.1,33.8965,4.98
155,HE,6,8400,433.6,34.2933,5.04
155,HE,6,8500,438.1,34.6902,5.1
155,HE,6,8600,442.6,35.087,5.16
155,HE,6,8700,447.1,35.4838,5.22
155,HE,6,8800,451.6,35.8806,5.28
155,HE,6,8900,456.1,36.2775,5.34
155,HE,6,9000,460.6,36.6743,5.4
155,HE,6,9100,465.1,37.0711,5.46
155,HE,6,9200,469.7,37.4679,5.52
155,HE,6,9300,474.2,37.8648,5.58
155,HE,6,9400,478.8,38.2616,5.64
155,HE,6,9500,483.3,38.6584,5.7
155,HE,6,9600,487.9,39.0552,5.76
155,HE,6,9700,492.5,39.4521,5.82
155,HE,6,9800,497.0,39.8489,5.88
155,HE,6,9900,501.6,40.2457,5.94
155,HE,6,10000,506.2,40.6425,6.0
155,HE,6,10100,510.8,41.0394,6.06
155,HE,6,10200,515.4,41.4362,6.12
155,HE,6,10300,520.0,41.833,6.18
155,HE,6,10400,524.6,42.2298,6.24
155,HE,6,10500,529.2,42.6267,6.3
155,HE,6,10600,533.9,43.0235,6.36
155,HE,6,10700,538.5,43.4203,6.42
155,HE,6,10800,543.1,43.8171,6.48
155,HE,6,10900,547.8,44.214,6.54
155,HE,6,11000,552.4,44.6108,6.6
155,HE,6,11100,557.1,45.0076,6.66
155,HE,6,11200,561.7,45.4044,6.72
155,HE,6,11300,566.4,45.8013,6.78
155,HE,6,11400,571.1,46.1981,6.84
155,HE,6,11500,575.8,46.5949,6.9
155,HE,6,11600,580.5,46.9917,6.96
155,HE,6,11700,585.2,47.3886,7.02
155,HE,6,11800,589.9,47.7854,7.08
155,HE,6,11900,594.6,48.1822,7.14
155,HE,6,12000,599.3,48.579,7.2
155,HE,6,12100,604.0,48.9759,7.26
155,HE,6,12200,608.7,49.3727,7.32
155,HE,6,12300,613.5,49.7695,7.38
155,HE,6,12400,618.2,50.1663,7.44
155,HE,6,12500,623.0,50.5632,7.5
155,HE,6,12600,627.7,50.96,7.56
155,HE,6,12700,632.5,51.3568,7.62
155,HE,6,12800,637.2,51.7537,7.68
155,HE,6,12900,642.0,52.1505,7.74
155,HE,6,13000,646.8,52.5473,7.8
155,HE,6,13100,651.6,52.9441,7.86
155,HE,6,13200,656.4,53.341,7.92
155,HE,6,13300,661.2,53.7378,7.98
155,HE,6,13400,666.0,54.1346,8.04
155,HE,6,13500,670.8,54.5314,8.1
155,HE,6,13600,675.6,54.9283,8.16
155,HE,6,13700,680.4,55.3251,8.22
155,HE,6,13800,685.2,55.7219,8.28
155,HE,6,13900,690.1,56.1187,8.34
155,HE,6,14000,694.9,56.5156,8.4
155,HE,6,14100,699.8,56.9124,8.46
155,HE,6,14200,704.6,57.3092,8.52
155,HE,6,14300,709.5,57.706,8.58
155,HE,6,14400,714.4,58.1029,8.64
155,HE,6,14500,719.2,58.4997,8.7
155,HE,6,14600,724.1,58.8965,8.76
155,HE,6,14700,729.0,59.2933,8.82
155,HE,6,14800,733.9,59.6902,8.88
155,HE,6,14900,738.8,60.087,8.94
155,HE,6,15000,743.7,60.4838,9.0
155,HE,6,15100,748.6,60.8806,9.06
155,HE,6,15200,753.5,61.2775,9.12
155,HE,6,15300,758.5,61.6743,9.18
155,HE,6,15400,763.4,62.0711,9.24
155,HE,6,15500,768.3,62.4679,9.3
155,HE,6,15600,773.3,62.8648,9.36
155,HE,6,15700,778.2,63.2616,9.42
155,HE,6,15800,783.2,63.6584,9.48
155,HE,6,15900,788.1,64.0552,9.54
155,HE,6,16000,793.1,64.4521,9.6
155,HE,6,16100,798.1,64.8489,9.66
155,HE,6,16200,803.1,65.2457,9.72
155,HE,6,16300,808.1,65.6425,9.78
155,HE,6,16400,813.1,66.0394,9.84
155,HE,6,16500,818.1,66.4362,9.9
155,HE,6,16600,823.1,66.833,9.96
155,HE,6,16700,828.1,67.2298,10.02
155,HE,6,16800,833.1,67.6267,10.08
155,HE,6,16900,838.1,68.0235,10.14
155,HE,6,17000,843.2,68.4203,10.2
155,HE,6,17100,848.2,68.8171,10.26
155,HE,6,17200,853.3,69.214,10.32
155,HE,6,17300,858.3,69.6108,10.38
155,HE,6,17400,863.4,70.0076,10.44
155,HE,6,17500,868.5,70.4044,10.5
155,HE,6,17600,873.5,70.8013,10.56
155,HE,6,17700,878.6,71.1981,10.62
155,HE,6,17800,883.7,71.5949,10.68
155,HE,6,17900,888.8,71.9917,10.74
155,HE,6,18000,893.9,72.3886,10.8
155,HE,7,8000,428.9,32.866,5.6
155,HE,7,8100,433.3,33.2629,5.67
155,HE,7,8200,437.8,33.6597,5.74
155,HE,7,8300,442.3,34.0565,5.81
155,HE,7,8400,446.8,34.4533,5.88
155,HE,7,8500,451.3,34.8502,5.95
155,HE,7,8600,455.8,35.247,6.02
155,HE,7,8700,460.3,35.6438,6.09
155,HE,7,8800,464.8,36.0406,6.16
155,HE,7,8900,469.3,36.4375,6.23
155,HE,7,9000,473.8,36.8343,6.3
155,HE,7,9100,478.3,37.2311,6.37
155,HE,7,9200,482.9,37.6279,6.44
155,HE,7,9300,487.4,38.0248,6.51
155,HE,7,9400,492.0,38.4216,6.58
155,HE,7,9500,496.5,38.8184,6.65
155,HE,7,9600,501.1,39.2152,6.72
155,HE,7,9700,505.7,39.6121,6.79
155,HE,7,9800,510.2,40.0089,6.86
155,HE,7,9900,514.8,40.4057,6.93
155,HE,7,10000,519.4,40.8025,7.0
155,HE,7,10100,524.0,41.1994,7.07
155,HE,7,10200,528.6,41.5962,7.14
155,HE,7,10300,533.2,41.993,7.21
155,HE,7,10400,537.8,42.3898,7.28
155,HE,7,10500,542.4,42.7867,7.35
155,HE,7,10600,547.1,43.1835,7.42
155,HE,7,10700,551.7,43.5803,7.49
155,HE,7,10800,556.3,43.9771,7.56
155,HE,7,10900,561.0,44.374,7.63
155,HE,7,11000,565.6,44.7708,7.7
155,HE,7,11100,570.3,45.1676,7.77
155,HE,7,11200,574.9,45.5644,7.84
155,HE,7,11300,579.6,45.9613,7.91
155,HE,7,11400,584.3,46.3581,7.98
155,HE,7,11500,589.0,46.7549,8.05
155,HE,7,11600,593.7,47.1517,8.12
155,HE,7,11700,598.4,47.5486,8.19
155,HE,7,11800,603.1,47.9454,8.26
155,HE,7,11900,607.8,48.3422,8.33
155,HE,7,12000,612.5,48.739,8.4
155,HE,7,12100,617.2,49.1359,8.47
155,HE,7,12200,621.9,49.5327,8.54
155,HE,7,12300,626.7,49.9295,8.61
155,HE,7,12400,631.4,50.3263,8.68
155,HE,7,12500,636.1,50.7232,8.75
155,HE,7,12600,640.9,51.12,8.82
155,HE,7,12700,645.7,51.5168,8.89
155,HE,7,12800,650.4,51.9137,8.96
155,HE,7,12900,655.2,52.3105,9.03
155,HE,7,13000,660.0,52.7073,9.1
155,HE,7,13100,664.8,53.1041,9.17
155,HE,7,13200,669.6,53.501,9.24
155,HE,7,13300,674.4,53.8978,9.31
155,HE,7,13400,679.2,54.2946,9.38
155,HE,7,13500,684.0,54.6914,9.45
155,HE,7,13600,688.8,55.0883,9.52
155,HE,7,13700,693.6,55.4851,9.59
155,HE,7,13800,698.4,55.8819,9.66
155,HE,7,13900,703.3,56.2787,9.73
155,HE,7,14000,708.1,56.6756,9.8
155,HE,7,14100,713.0,57.0724,9.87
155,HE,7,14200,717.8,57.4692,9.94
155,HE,7,14300,722.7,57.866,10.01
155,HE,7,14400,727.6,58.2629,10.08
155,HE,7,14500,732.4,58.6597,10.15
155,HE,7,14600,737.3,59.0565,10.22
155,HE,7,14700,742.2,59.4533,10.29
155,HE,7,14800,747.1,59.8502,10.36
155,HE,7,14900,752.0,60.247,10.43
155,HE,7,15000,756.9,60.6438,10.5
155,HE,7,15100,761.8,61.0406,10.57
155,HE,7,15200,766.7,61.4375,10.64
155,HE,7,15300,771.7,61.8343,10.71
155,HE,7,15400,776.6,62.2311,10.78
155,HE,7,15500,781.5,62.6279,10.85
155,HE,7,15600,786.5,63.0248,10.92
155,HE,7,15700,791.4,63.4216,10.99
155,HE,7,15800,796.4,63.8184,11.06
155,HE,7,15900,801.3,64.2152,11.13
155,HE,7,16000,806.3,64.6121,11.2
155,HE,7,16100,811.3,65.0089,11.27
155,HE,7,16200,816.3,65.4057,11.34
155,HE,7,16300,821.3,65.8025,11.41
155,HE,7,16400,826.3,66.1994,11.48
155,HE,7,16500,831.3,66.5962,11.55
155,HE,7,16600,836.3,66.993,11.62
155,HE,7,16700,841.3,67.3898,11.69
155,HE,7,16800,846.3,67.7867,11.76
155,HE,7,16900,851.3,68.1835,11.83
155,HE,7,17000,856.4,68.5803,11.9
155,HE,7,17100,861.4,68.9771,11.97
155,HE,7,17200,866.5,69.374,12.04
155,HE,7,17300,871.5,69.7708,12.11
155,HE,7,17400,876.6,70.1676,12.18
155,HE,7,17500,881.6,70.5644,12.25
155,HE,7,17600,886.7,70.9613,12.32
155,HE,7,17700,891.8,71.3581,12.39
155,HE,7,17800,896.9,71.7549,12.46
155,HE,7,17900,902.0,72.1517,12.53
155,HE,7,18000,907.1,72.5486,12.6
155,HE,7,18100,912.2,72.9454,12.67
155,HE,7,18200,917.3,73.3422,12.74
155,HE,7,18300,922.4,73.739,12.81
155,HE,7,18400,927.5,74.1359,12.88
155,HE,7,18500,932.7,74.5327,12.95
155,HE,7,18600,937.8,74.9295,13.02
155,HE,7,18700,943.0,75.3263,13.09
155,HE,7,18800,948.1,75.7232,13.16
155,HE,7,18900,953.3,76.12,13.23
155,HE,7,19000,958.4,76.5168,13.3
155,HE,7,19100,963.6,76.9137,13.37
155,HE,7,19200,968.8,77.3105,13.44
155,HE,7,19300,973.9,77.7073,13.51
155,HE,7,19400,979.1,78.1041,13.58
155,HE,7,19500,984.3,78.501,13.65
155,HE,7,19600,989.5,78.8978,13.72
155,HE,7,19700,994.7,79.2946,13.79
155,HE,7,19800,1000.0,79.6914,13.86
155,HE,7,19900,1005.2,80.0883,13.93
155,HE,7,20000,1010.4,80.4851,14.0
155,HEA,5,5000,246.4,18.8715,2.35
155,HEA,5,5100,250.3,19.239,2.397
155,HEA,5,5200,254.3,19.6064,2.444
155,HEA,5,5300,258.3,19.9738,2.491
155,HEA,5,5400,262.3,20.3413,2.538
155,HEA,5,5500,266.2,20.7087,2.585
155,HEA,5,5600,270.2,21.0761,2.632
155,HEA,5,5700,274.2,21.4436,2.679
155,HEA,5,5800,278.2,21.811,2.726
155,HEA,5,5900,282.2,22.1784,2.773
155,HEA,5,6000,286.2,22.5459,2.82
155,HEA,5,6100,290.2,22.9133,2.867
155,HEA,5,6200,294.3,23.2807,2.914
155,HEA,5,6300,298.3,23.6481,2.961
155,HEA,5,6400,302.3,24.0156,3.008
155,HEA,5,6500,306.4,24.383,3.055
155,HEA,5,6600,310.4,24.7504,3.102
155,HEA,5,6700,314.5,25.1179,3.149
155,HEA,5,6800,318.5,25.4853,3.196
155,HEA,5,6900,322.6,25.8527,3.243
155,HEA,5,7000,326.6,26.2202,3.29
155,HEA,5,7100,330.7,26.5876,3.337
155,HEA,5,7200,334.8,26.955,3.384
155,HEA,5,7300,338.9,27.3225,3.431
155,HEA,5,7400,343.0,27.6899,3.478
155,HEA,5,7500,347.1,28.0573,3.525
155,HEA,5,7600,351.2,28.4248,3.572
155,HEA,5,7700,355.3,28.7922,3.619
155,HEA,5,7800,359.4,29.1596,3.666
155,HEA,5,7900,363.5,29.527,3.713
155,HEA,5,8000,367.7,29.8945,3.76
155,HEA,5,8100,371.8,30.2619,3.807
155,HEA,5,8200,375.9,30.6293,3.854
155,HEA,5,8300,380.1,30.9968,3.901
155,HEA,5,8400,384.2,31.3642,3.948
155,HEA,5,8500,388.4,31.7316,3.995
155,HEA,6,6000,256.6,21.21,2.2561
155,HEA,6,6100,260.5,21.5675,2.2937
155,HEA,6,6200,264.4,21.925,2.3313
155,HEA,6,6300,268.3,22.2825,2.3689
155,HEA,6,6400,272.2,22.64,2.4065
155,HEA,6,6500,276.1,22.9975,2.4441
155,HEA,6,6600,280.0,23.355,2.4817
155,HEA,6,6700,283.9,23.7125,2.5193
155,HEA,6,6800,287.8,24.07,2.5569
155,HEA,6,6900,291.8,24.4275,2.5945
155,HEA,6,7000,295.7,24.785,2.6321
155,HEA,6,7100,299.6,25.1425,2.6697
155,HEA,6,7200,303.6,25.5,2.7073
155,HEA,6,7300,307.5,25.8575,2.7449
155,HEA,6,7400,311.5,26.215,2.7825
155,HEA,6,7500,315.4,26.5725,2.8201
155,HEA,6,7600,319.4,26.93,2.8578
155,HEA,6,7700,323.4,27.2875,2.8954
155,HEA,6,7800,327.4,27.645,2.933
155,HEA,6,7900,331.3,28.0025,2.9706
155,HEA,6,8000,335.3,28.36,3.0082
155,HEA,6,8100,339.3,28.7175,3.0458
155,HEA,6,8200,343.3,29.075,3.0834
155,HEA,6,8300,347.3,29.4325,3.121
155,HEA,6,8400,351.3,29.79,3.1586
155,HEA,6,8500,355.4,30.1475,3.1962
155,HEA,6,8600,359.4,30.505,3.2338
155,HEA,6,8700,363.4,30.8625,3.2714
155,HEA,6,8800,367.4,31.22,3.309
155,HEA,6,8900,371.5,31.5775,3.3466
155,HEA,6,9000,375.5,31.935,3.3842
155,HEA,6,9100,372.2,31.1623,2.6677
155,HEA,6,9200,362.3,29.385,1.2813
155,HEA,6,9300,358.6,28.5515,0.5245
155,HEA,6,9400,362.4,28.8608,0.5302
155,HEA,6,9500,366.1,29.17,0.5358
155,HEA,6,9600,369.9,29.4792,0.5415
155,HEA,6,9700,378.4,30.5149,1.0315
155,HEA,6,9800,392.7,32.4464,2.1189
155,HEA,6,9900,407.3,34.411,3.2282
155,HEA,6,10000,416.2,35.51,3.7602
155,HEA,6,10100,420.3,35.8675,3.7978
155,HEA,6,10200,424.4,36.225,3.8354
155,HEA,6,10300,428.6,36.5825,3.873
155,HEA,6,10400,432.7,36.94,3.9106
155,HEA,6,10500,436.8,37.2975,3.9482
155,HEA,6,10600,440.9,37.655,3.9858
155,HEA,6,10700,445.1,38.0125,4.0234
155,HEA,6,10800,449.2,38.37,4.061
155,HEA,6,10900,453.3,38.7275,4.0986
155,HEA,6,11000,457.5,39.085,4.1362
155,HEA,6,11100,461.7,39.4425,4.1738
155,HEA,6,11200,465.8,39.8,4.2114
155,HEA,6,11300,470.0,40.1575,4.249
155,HEA,6,11400,474.2,40.515,4.2866
155,HEA,6,11500,478.3,40.8725,4.3242
155,HEA,6,11600,482.5,41.23,4.3618
155,HEA,6,11700,486.7,41.5875,4.3994
155,HEA,6,11800,490.9,41.945,4.437
155,HEA,6,11900,495.1,42.3025,4.4746
155,HEA,6,12000,499.3,42.66,4.5122
155,HEA,6,12100,503.5,43.0175,4.5498
155,HEA,6,12200,507.7,43.375,4.5874
155,HEA,6,12300,511.9,43.7325,4.625
155,HEA,6,12400,516.2,44.09,4.6626
155,HEA,6,12500,520.4,44.4475,4.7003
155,HEA,6,12600,524.6,44.805,4.7379
155,HEA,6,12700,528.9,45.1625,4.7755
155,HEA,6,12800,533.1,45.52,4.8131
155,HEA,6,12900,537.4,45.8775,4.8507
155,HEA,6,13000,541.6,46.235,4.8883
155,HEA,6,13100,545.9,46.5925,4.9259
155,HEA,6,13200,550.2,46.95,4.9635
155,HEA,6,13300,554.4,47.3075,5.0011
155,HEA,6,13400,558.7,47.665,5.0387
155,HEA,6,13500,563.0,48.0225,5.0763
155,HEA,6,13600,567.3,48.38,5.1139
155,HEA,6,13700,571.6,48.7375,5.1515
155,HEA,6,13800,575.9,49.095,5.1891
155,HEA,6,13900,580.2,49.4525,5.2267
155,HEA,6,14000,584.5,49.8101,5.2643
155,HEA,6,14100,588.8,50.1676,5.3019
155,HEA,6,14200,593.2,50.5251,5.3395
155,HEA,6,14300,597.5,50.8826,5.3771
155,HEA,6,14400,601.8,51.2401,5.4147
155,HEA,6,14500,606.2,51.5976,5.4523
155,HEA,6,14600,610.5,51.9551,5.4899
155,HEA,6,14700,614.9,52.3126,5.5275
155,HEA,6,14800,619.2,52.6701,5.5651
155,HEA,6,14900,623.6,53.0276,5.6027
155,HEA,6,15000,627.9,53.3851,5.6403
155,HEA,6,15100,632.3,53.7426,5.6779
155,HEA,6,15200,636.7,54.1001,5.7155
155,HEA,6,15300,641.1,54.4576,5.7531
155,HEA,6,15400,645.5,54.8151,5.7907
155,HEA,6,15500,649.9,55.1726,5.8283
155,HEA,6,15600,654.3,55.5301,5.8659
155,HEA,6,15700,658.7,55.8876,5.9035
155,HEA,6,15800,663.1,56.2451,5.9411
155,HEA,6,15900,667.5,56.6026,5.9787
155,HEA,6,16000,671.9,56.9601,6.0163
155,HEA,6,16100,676.3,57.3176,6.0539
155,HEA,6,16200,680.8,57.6751,6.0915
155,HEA,6,16300,685.2,58.0326,6.1291
155,HEA,6,16400,689.6,58.3901,6.1667
155,HEA,6,16500,694.1,58.7476,6.2043
155,HEA,6,16600,698.5,59.1051,6.2419
155,HEA,6,16700,703.0,59.4626,6.2795
155,HEA,6,16800,707.5,59.8201,6.3171
155,HEA,6,16900,711.9,60.1776,6.3547
155,HEA,6,17000,716.4,60.5351,6.3923
155,HEA,6,17100,720.9,60.8926,6.4299
155,HEA,6,17200,725.4,61.2501,6.4675
155,HEA,6,17300,729.9,61.6076,6.5051
155,HEA,6,17400,734.4,61.9651,6.5427
155,HEA,6,17500,738.9,62.3226,6.5804
155,HEA,6,17600,743.4,62.6801,6.618
155,HEA,6,17700,747.9,63.0376,6.6556
155,HEA,6,17800,752.4,63.3951,6.6932
155,HEA,6,17900,756.9,63.7526,6.7308
155,HEA,6,18000,761.5,64.1101,6.7684
155,HEA,6,18100,766.0,64.4676,6.806
155,HEA,6,18200,770.5,64.8251,6.8436
155,HEA,6,18300,775.1,65.1826,6.8812
155,HEA,6,18400,779.6,65.5401,6.9188
155,HEA,6,18500,784.2,65.8976,6.9564
155,HEA,6,18600,788.7,66.2551,6.994
155,HEA,6,18700,793.3,66.6126,7.0316
155,HEA,6,18800,797.9,66.9701,7.0692
155,HEA,6,18900,802.5,67.3276,7.1068
155,HEA,6,19000,807.0,67.6851,7.1444
155,HEA,7,8000,392.1,30.2145,5.264
155,HEA,7,8100,396.2,30.5819,5.3298
155,HEA,7,8200,400.4,30.9493,5.3956
155,HEA,7,8300,404.5,31.3168,5.4614
155,HEA,7,8400,408.7,31.6842,5.5272
155,HEA,7,8500,412.8,32.0516,5.593
155,HEA,7,8600,417.0,32.4191,5.6588
155,HEA,7,8700,421.2,32.7865,5.7246
155,HEA,7,8800,425.4,33.1539,5.7904
155,HEA,7,8900,429.5,33.5214,5.8562
155,HEA,7,9000,433.7,33.8888,5.922
155,HEA,7,9100,437.9,34.2562,5.9878
155,HEA,7,9200,442.1,34.6236,6.0536
155,HEA,7,9300,446.3,34.9911,6.1194
155,HEA,7,9400,450.5,35.3585,6.1852
155,HEA,7,9500,454.7,35.7259,6.251
155,HEA,7,9600,459.0,36.0934,6.3168
155,HEA,7,9700,463.2,36.4608,6.3826
155,HEA,7,9800,467.4,36.8282,6.4484
155,HEA,7,9900,471.7,37.1957,6.5142
155,HEA,7,10000,475.9,37.5631,6.58
155,HEA,7,10100,480.2,37.9305,6.6458
155,HEA,7,10200,484.4,38.298,6.7116
155,HEA,7,10300,488.7,38.6654,6.7774
155,HEA,7,10400,493.0,39.0328,6.8432
155,HEA,7,10500,497.2,39.4002,6.909
155,HEA,7,10600,501.5,39.7677,6.9748
155,HEA,7,10700,505.8,40.1351,7.0406
155,HEA,7,10800,510.1,40.5025,7.1064
155,HEA,7,10900,514.4,40.87,7.1722
155,HEA,7,11000,518.7,41.2374,7.238
155,HEA,7,11100,523.0,41.6048,7.3038
155,HEA,7,11200,527.4,41.9723,7.3696
155,HEA,7,11300,531.7,42.3397,7.4354
155,HEA,7,11400,536.0,42.7071,7.5012
155,HEA,7,11500,540.3,43.0746,7.567
155,HEA,7,11600,544.7,43.442,7.6328
155,HEA,7,11700,549.0,43.8094,7.6986
155,HEA,7,11800,553.4,44.1768,7.7644
155,HEA,7,11900,557.7,44.5443,7.8302
155,HEA,7,12000,562.1,44.9117,7.896
155,HEA,7,12100,566.5,45.2791,7.9618
155,HEA,7,12200,570.9,45.6466,8.0276
155,HEA,7,12300,575.2,46.014,8.0934
155,HEA,7,12400,579.6,46.3814,8.1592
155,HEA,7,12500,584.0,46.7489,8.225
155,HEA,7,12600,588.4,47.1163,8.2908
155,HEA,7,12700,592.8,47.4837,8.3566
155,HEA,7,12800,597.2,47.8512,8.4224
155,HEA,7,12900,601.7,48.2186,8.4882
155,HEA,7,13000,606.1,48.586,8.554
155,HEA,7,13100,610.5,48.9535,8.6198
155,HEA,7,13200,615.0,49.3209,8.6856
155,HEA,7,13300,619.4,49.6883,8.7514
155,HEA,7,13400,623.9,50.0557,8.8172
155,HEA,7,13500,628.3,50.4232,8.883
155,HEA,7,13600,632.8,50.7906,8.9488
155,HEA,7,13700,637.2,51.158,9.0146
155,HEA,7,13800,641.7,51.5255,9.0804
155,HEA,7,13900,646.2,51.8929,9.1462
155,HEA,7,14000,650.7,52.2603,9.212
155,HEA,7,14100,655.2,52.6278,9.2778
155,HEA,7,14200,659.7,52.9952,9.3436
155,HEA,7,14300,664.2,53.3626,9.4094
155,HEA,7,14400,668.7,53.7301,9.4752
155,HEA,7,14500,673.2,54.0975,9.541
155,HEA,7,14600,677.7,54.4649,9.6068
155,HEA,7,14700,682.2,54.8323,9.6726
155,HEA,7,14800,686.8,55.1998,9.7384
155,HEA,7,14900,691.3,55.5672,9.8042
155,HEA,7,15000,695.8,55.9346,9.87
155,HEA,7,15100,700.4,56.3021,9.9358
155,HEA,7,15200,704.9,56.6695,10.0016
155,HEA,7,15300,709.5,57.0369,10.0674
155,HEA,7,15400,714.1,57.4044,10.1332
155,HEA,7,15500,718.6,57.7718,10.199
155,HEA,7,15600,723.2,58.1392,10.2648
155,HEA,7,15700,727.8,58.5067,10.3306
155,HEA,7,15800,732.4,58.8741,10.3964
155,HEA,7,15900,737.0,59.2415,10.4622
155,HEA,7,16000,741.6,59.6089,10.528
155,HEA,7,16100,746.2,59.9764,10.5938
155,HEA,7,16200,750.8,60.3438,10.6596
155,HEA,7,16300,755.4,60.7112,10.7254
155,HEA,7,16400,760.1,61.0787,10.7912
155,HEA,7,16500,764.7,61.4461,10.857
155,HEA,7,16600,769.3,61.8135,10.9228
155,HEA,7,16700,774.0,62.181,10.9886
155,HEA,7,16800,778.6,62.5484,11.0544
155,HEA,7,16900,783.3,62.9158,11.1202
155,HEA,7,17000,787.9,63.2833,11.186
155,HEA,7,17100,792.6,63.6507,11.2518
155,HEA,7,17200,797.3,64.0181,11.3176
155,HEA,7,17300,802.0,64.3855,11.3834
155,HEA,7,17400,806.7,64.753,11.4492
155,HEA,7,17500,811.3,65.1204,11.515
155,HEA,7,17600,816.0,65.4878,11.5808
155,HEA,7,17700,820.7,65.8553,11.6466
155,HEA,7,17800,825.5,66.2227,11.7124
155,HEA,7,17900,830.2,66.5901,11.7782
155,HEA,7,18000,834.9,66.9576,11.844
155,HEA,7,18100,839.6,67.325,11.9098
155,HEA,7,18200,844.3,67.6924,11.9756
155,HEA,7,18300,849.1,68.0599,12.0414
155,HEA,7,18400,853.8,68.4273,12.1072
155,HEA,7,18500,858.6,68.7947,12.173
155,HEA,7,18600,863.3,69.1622,12.2388
155,HEA,7,18700,868.1,69.5296,12.3046
155,HEA,7,18800,872.9,69.897,12.3704
155,HEA,7,18900,877.6,70.2644,12.4362
155,HEA,7,19000,882.4,70.6319,12.502
155,HEA,7,19100,887.2,70.9993,12.5678
155,HEA,7,19200,892.0,71.3667,12.6336
155,HEA,7,19300,896.8,71.7342,12.6994
155,HEA,7,19400,901.6,72.1016,12.7652
155,HEA,7,19500,906.4,72.469,12.831
155,HEA,7,19600,911.2,72.8365,12.8968
155,HEA,7,19700,916.1,73.2039,12.9626
155,HEA,7,19800,920.9,73.5713,13.0284
155,HEA,7,19900,925.7,73.9388,13.0942
155,HEA,7,20000,930.6,74.3062,13.16
155,HEA,7,20100,935.4,74.6736,13.2258
155,HEA,7,20200,940.3,75.041,13.2916
155,HEA,7,20300,945.1,75.4085,13.3574
155,HEA,7,20400,950.0,75.7759,13.4232
155,HEA,7,20500,954.8,76.1433,13.489
155,HEA,7,20600,959.7,76.5108,13.5548
155,HEA,7,20700,964.6,76.8782,13.6206
155,HEA,7,20800,969.5,77.2456,13.6864
155,HEA,7,20900,974.4,77.6131,13.7522
155,HEA,7,21000,979.3,77.9805,13.818
155,HEA,7,21100,984.2,78.3479,13.8838
155,HEA,7,21200,989.1,78.7154,13.9496
155,HEA,7,21300,994.0,79.0828,14.0154
155,HEA,7,21400,998.9,79.4502,14.0812
155,HEA,7,21500,1003.9,79.8176,14.147
155,HEA,7,21600,1008.8,80.1851,14.2128
155,HEA,7,21700,1013.7,80.5525,14.2786
155,HEA,7,21800,1018.7,80.9199,14.3444
155,HEA,7,21900,1023.6,81.2874,14.4102
155,HEA,7,22000,1028.6,81.6548,14.476
155,HEA,7,22100,1033.6,82.0222,14.5418
155,HEA,7,22200,1038.5,82.3897,14.6076
155,HEA,7,22300,1043.5,82.7571,14.6734
155,HEA,7,22400,1048.5,83.1245,14.7392
155,HEA,7,22500,1053.5,83.492,14.805
155,HEA,7,22600,1058.5,83.8594,14.8708
155,HEA,7,22700,1063.5,84.2268,14.9366
155,HEA,7,22800,1068.5,84.5943,15.0024
155,HEA,7,22900,1073.5,84.9617,15.0682
155,HEA,7,23000,1078.5,85.3291,15.134
155,HEA,7,23100,1083.5,85.6965,15.1998
155,HEA,7,23200,1088.6,86.064,15.2656
155,HEA,7,23300,1093.6,86.4314,15.3314
155,HEA,7,23400,1098.6,86.7988,15.3972
155,HEA,7,23500,1103.7,87.1663,15.463
155,HEA,7,23600,1108.7,87.5337,15.5288
155,HEA,7,23700,1113.8,87.9011,15.5946
155,HEA,7,23800,1118.9,88.2686,15.6604
155,HEA,7,23900,1123.9,88.636,15.7262
155,HEA,7,24000,1129.0,89.0034,15.792
155,M4A2,5,5000,246.4,18.8715,2.35
155,M4A2,5,5100,250.3,19.239,2.397
155,M4A2,5,5200,254.3,19.6064,2.444
155,M4A2,5,5300,258.3,19.9738,2.491
155,M4A2,5,5400,262.3,20.3413,2.538
155,M4A2,5,5500,266.2,20.7087,2.585
155,M4A2,5,5600,270.2,21.0761,2.632
155,M4A2,5,5700,274.2,21.4436,2.679
155,M4A2,5,5800,278.2,21.811,2.726
155,M4A2,5,5900,282.2,22.1784,2.773
155,M4A2,5,6000,286.2,22.5459,2.82
155,M4A2,5,6100,290.2,22.9133,2.867
155,M4A2,5,6200,294.3,23.2807,2.914
155,M4A2,5,6300,298.3,23.6481,2.961
155,M4A2,5,6400,302.3,24.0156,3.008
155,M4A2,5,6500,306.4,24.383,3.055
155,M4A2,5,6600,310.4,24.7504,3.102
155,M4A2,5,6700,314.5,25.1179,3.149
155,M4A2,5,6800,318.5,25.4853,3.196
155,M4A2,5,6900,322.6,25.8527,3.243
155,M4A2,5,7000,326.6,26.2202,3.29
155,M4A2,5,7100,330.7,26.5876,3.337
155,M4A2,5,7200,334.8,26.955,3.384
155,M4A2,5,7300,338.9,27.3225,3.431
155,M4A2,5,7400,343.0,27.6899,3.478
155,M4A2,5,7500,347.1,28.0573,3.525
155,M4A2,5,7600,351.2,28.4248,3.572
155,M4A2,5,7700,355.3,28.7922,3.619
155,M4A2,5,7800,359.4,29.1596,3.666
155,M4A2,5,7900,363.5,29.527,3.713
155,M4A2,5,8000,367.7,29.8945,3.76
155,M4A2,5,8100,371.8,30.2619,3.807
155,M4A2,5,8200,375.9,30.6293,3.854
155,M4A2,5,8300,380.1,30.9968,3.901
155,M4A2,5,8400,384.2,31.3642,3.948
155,M4A2,5,8500,388.4,31.7316,3.995
155,M4A2,6,6000,256.6,21.21,2.2561
155,M4A2,6,6100,260.5,21.5675,2.2937
155,M4A2,6,6200,264.4,21.925,2.3313
155,M4A2,6,6300,268.3,22.2825,2.3689
155,M4A2,6,6400,272.2,22.64,2.4065
155,M4A2,6,6500,276.1,22.9975,2.4441
155,M4A2,6,6600,280.0,23.355,2.4817
155,M4A2,6,6700,283.9,23.7125,2.5193
155,M4A2,6,6800,287.8,24.07,2.5569
155,M4A2,6,6900,291.8,24.4275,2.5945
155,M4A2,6,7000,295.7,24.785,2.6321
155,M4A2,6,7100,299.6,25.1425,2.6697
155,M4A2,6,7200,303.6,25.5,2.7073
155,M4A2,6,7300,307.5,25.8575,2.7449
155,M4A2,6,7400,311.5,26.215,2.7825
155,M4A2,6,7500,315.4,26.5725,2.8201
155,M4A2,6,7600,319.4,26.93,2.8578
155,M4A2,6,7700,323.4,27.2875,2.8954
155,M4A2,6,7800,327.4,27.645,2.933
155,M4A2,6,7900,331.3,28.0025,2.9706
155,M4A2,6,8000,335.3,28.36,3.0082
155,M4A2,6,8100,339.3,28.7175,3.0458
155,M4A2,6,8200,343.3,29.075,3.0834
155,M4A2,6,8300,347.3,29.4325,3.121
155,M4A2,6,8400,351.3,29.79,3.1586
155,M4A2,6,8500,355.4,30.1475,3.1962
155,M4A2,6,8600,359.4,30.505,3.2338
155,M4A2,6,8700,363.4,30.8625,3.2714
155,M4A2,6,8800,367.4,31.22,3.309
155,M4A2,6,8900,371.5,31.5775,3.3466
155,M4A2,6,9000,375.5,31.935,3.3842
155,M4A2,6,9100,372.2,31.1623,2.6677
155,M4A2,6,9200,362.3,29.385,1.2813
155,M4A2,6,9300,358.6,28.5515,0.5245
155,M4A2,6,9400,362.4,28.8608,0.5302
155,M4A2,6,9500,366.1,29.17,0.5358
155,M4A2,6,9600,369.9,29.4792,0.5415
155,M4A2,6,9700,378.4,30.5149,1.0315
155,M4A2,6,9800,392.7,32.4464,2.1189
155,M4A2,6,9900,407.3,34.411,3.2282
155,M4A2,6,10000,416.2,35.51,3.7602
155,M4A2,6,10100,420.3,35.8675,3.7978
155,M4A2,6,10200,424.4,36.225,3.8354
155,M4A2,6,10300,428.6,36.5825,3.873
155,M4A2,6,10400,432.7,36.94,3.9106
155,M4A2,6,10500,436.8,37.2975,3.9482
155,M4A2,6,10600,440.9,37.655,3.9858
155,M4A2,6,10700,445.1,38.0125,4.0234
155,M4A2,6,10800,449.2,38.37,4.061
155,M4A2,6,10900,453.3,38.7275,4.0986
155,M4A2,6,11000,457.5,39.085,4.1362
155,M4A2,6,11100,461.7,39.4425,4.1738
155,M4A2,6,11200,465.8,39.8,4.2114
155,M4A2,6,11300,470.0,40.1575,4.249
155,M4A2,6,11400,474.2,40.515,4.2866
155,M4A2,6,11500,478.3,40.8725,4.3242
155,M4A2,6,11600,482.5,41.23,4.3618
155,M4A2,6,11700,486.7,41.5875,4.3994
155,M4A2,6,11800,490.9,41.945,4.437
155,M4A2,6,11900,495.1,42.3025,4.4746
155,M4A2,6,12000,499.3,42.66,4.5122
155,M4A2,6,12100,503.5,43.0175,4.5498
155,M4A2,6,12200,507.7,43.375,4.5874
155,M4A2,6,12300,511.9,43.7325,4.625
155,M4A2,6,12400,516.2,44.09,4.6626
155,M4A2,6,12500,520.4,44.4475,4.7003
155,M4A2,6,12600,524.6,44.805,4.7379
155,M4A2,6,12700,528.9,45.1625,4.7755
155,M4A2,6,12800,533.1,45.52,4.8131
155,M4A2,6,12900,537.4,45.8775,4.8507
155,M4A2,6,13000,541.6,46.235,4.8883
155,M4A2,6,13100,545.9,46.5925,4.9259
155,M4A2,6,13200,550.2,46.95,4.9635
155,M4A2,6,13300,554.4,47.3075,5.0011
155,M4A2,6,13400,558.7,47.665,5.0387
155,M4A2,6,13500,563.0,48.0225,5.0763
155,M4A2,6,13600,567.3,48.38,5.1139
155,M4A2,6,13700,571.6,48.7375,5.1515
155,M4A2,6,13800,575.9,49.095,5.1891
155,M4A2,6,13900,580.2,49.4525,5.2267
155,M4A2,6,14000,584.5,49.8101,5.2643
155,M4A2,6,14100,588.8,50.1676,5.3019
155,M4A2,6,14200,593.2,50.5251,5.3395
155,M4A2,6,14300,597.5,50.8826,5.3771
155,M4A2,6,14400,601.8,51.2401,5.4147
155,M4A2,6,14500,606.2,51.5976,5.4523
155,M4A2,6,14600,610.5,51.9551,5.4899
155,M4A2,6,14700,614.9,52.3126,5.5275
155,M4A2,6,14800,619.2,52.6701,5.5651
155,M4A2,6,14900,623.6,53.0276,5.6027
155,M4A2,6,15000,627.9,53.3851,5.6403
155,M4A2,6,15100,632.3,53.7426,5.6779
155,M4A2,6,15200,636.7,54.1001,5.7155
155,M4A2,6,15300,641.1,54.4576,5.7531
155,M4A2,6,15400,645.5,54.8151,5.7907
155,M4A2,6,15500,649.9,55.1726,5.8283
155,M4A2,6,15600,654.3,55.5301,5.8659
155,M4A2,6,15700,658.7,55.8876,5.9035
155,M4A2,6,15800,663.1,56.2451,5.9411
155,M4A2,6,15900,667.5,56.6026,5.9787
155,M4A2,6,16000,671.9,56.9601,6.0163
155,M4A2,6,16100,676.3,57.3176,6.0539
155,M4A2,6,16200,680.8,57.6751,6.0915
155,M4A2,6,16300,685.2,58.0326,6.1291
155,M4A2,6,16400,689.6,58.3901,6.1667
155,M4A2,6,16500,694.1,58.7476,6.2043
155,M4A2,6,16600,698.5,59.1051,6.2419
155,M4A2,6,16700,703.0,59.4626,6.2795
155,M4A2,6,16800,707.5,59.8201,6.3171
155,M4A2,6,16900,711.9,60.1776,6.3547
155,M4A2,6,17000,716.4,60.5351,6.3923
155,M4A2,6,17100,720.9,60.8926,6.4299
155,M4A2,6,17200,725.4,61.2501,6.4675
155,M4A2,6,17300,729.9,61.6076,6.5051
155,M4A2,6,17400,734.4,61.9651,6.5427
155,M4A2,6,17500,738.9,62.3226,6.5804
155,M4A2,6,17600,743.4,62.6801,6.618
155,M4A2,6,17700,747.9,63.0376,6.6556
155,M4A2,6,17800,752.4,63.3951,6.6932
155,M4A2,6,17900,756.9,63.7526,6.7308
155,M4A2,6,18000,761.5,64.1101,6.7684
155,M4A2,6,18100,766.0,64.4676,6.806
155,M4A2,6,18200,770.5,64.8251,6.8436
155,M4A2,6,18300,775.1,65.1826,6.8812
155,M4A2,6,18400,779.6,65.5401,6.9188
155,M4A2,6,18500,784.2,65.8976,6.9564
155,M4A2,6,18600,788.7,66.2551,6.994
155,M4A2,6,18700,793.3,66.6126,7.0316
155,M4A2,6,18800,797.9,66.9701,7.0692
155,M4A2,6,18900,802.5,67.3276,7.1068
155,M4A2,6,19000,807.0,67.6851,7.1444
155,M4A2,7,8000,392.1,30.2145,5.264
155,M4A2,7,8100,396.2,30.5819,5.3298
155,M4A2,7,8200,400.4,30.9493,5.3956
155,M4A2,7,8300,404.5,31.3168,5.4614
155,M4A2,7,8400,408.7,31.6842,5.5272
155,M4A2,7,8500,412.8,32.0516,5.593
155,M4A2,7,8600,417.0,32.4191,5.6588
155,M4A2,7,8700,421.2,32.7865,5.7246
155,M4A2,7,8800,425.4,33.1539,5.7904
155,M4A2,7,8900,429.5,33.5214,5.8562
155,M4A2,7,9000,433.7,33.8888,5.922
155,M4A2,7,9100,437.9,34.2562,5.9878
155,M4A2,7,9200,442.1,34.6236,6.0536
155,M4A2,7,9300,446.3,34.9911,6.1194
155,M4A2,7,9400,450.5,35.3585,6.1852
155,M4A2,7,9500,454.7,35.7259,6.251
155,M4A2,7,9600,459.0,36.0934,6.3168
155,M4A2,7,9700,463.2,36.4608,6.3826
155,M4A2,7,9800,467.4,36.8282,6.4484
155,M4A2,7,9900,471.7,37.1957,6.5142
155,M4A2,7,10000,475.9,37.5631,6.58
155,M4A2,7,10100,480.2,37.9305,6.6458
155,M4A2,7,10200,484.4,38.298,6.7116
155,M4A2,7,10300,488.7,38.6654,6.7774
155,M4A2,7,10400,493.0,39.0328,6.8432
155,M4A2,7,10500,497.2,39.4002,6.909
155,M4A2,7,10600,501.5,39.7677,6.9748
155,M4A2,7,10700,505.8,40.1351,7.0406
155,M4A2,7,10800,510.1,40.5025,7.1064
155,M4A2,7,10900,514.4,40.87,7.1722
155,M4A2,7,11000,518.7,41.2374,7.238
155,M4A2,7,11100,523.0,41.6048,7.3038
155,M4A2,7,11200,527.4,41.9723,7.3696
155,M4A2,7,11300,531.7,42.3397,7.4354
155,M4A2,7,11400,536.0,42.7071,7.5012
155,M4A2,7,11500,540.3,43.0746,7.567
155,M4A2,7,11600,544.7,43.442,7.6328
155,M4A2,7,11700,549.0,43.8094,7.6986
155,M4A2,7,11800,553.4,44.1768,7.7644
155,M4A2,7,11900,557.7,44.5443,7.8302
155,M4A2,7,12000,562.1,44.9117,7.896
155,M4A2,7,12100,566.5,45.2791,7.9618
155,M4A2,7,12200,570.9,45.6466,8.0276
155,M4A2,7,12300,575.2,46.014,8.0934
155,M4A2,7,12400,579.6,46.3814,8.1592
155,M4A2,7,12500,584.0,46.7489,8.225
155,M4A2,7,12600,588.4,47.1163,8.2908
155,M4A2,7,12700,592.8,47.4837,8.3566
155,M4A2,7,12800,597.2,47.8512,8.4224
155,M4A2,7,12900,601.7,48.2186,8.4882
155,M4A2,7,13000,606.1,48.586,8.554
155,M4A2,7,13100,610.5,48.9535,8.6198
155,M4A2,7,13200,615.0,49.3209,8.6856
155,M4A2,7,13300,619.4,49.6883,8.7514
155,M4A2,7,13400,623.9,50.0557,8.8172
155,M4A2,7,13500,628.3,50.4232,8.883
155,M4A2,7,13600,632.8,50.7906,8.9488
155,M4A2,7,13700,637.2,51.158,9.0146
155,M4A2,7,13800,641.7,51.5255,9.0804
155,M4A2,7,13900,646.2,51.8929,9.1462
155,M4A2,7,14000,650.7,52.2603,9.212
155,M4A2,7,14100,655.2,52.6278,9.2778
155,M4A2,7,14200,659.7,52.9952,9.3436
155,M4A2,7,14300,664.2,53.3626,9.4094
155,M4A2,7,14400,668.7,53.7301,9.4752
155,M4A2,7,14500,673.2,54.0975,9.541
155,M4A2,7,14600,677.7,54.4649,9.6068
155,M4A2,7,14700,682.2,54.8323,9.6726
155,M4A2,7,14800,686.8,55.1998,9.7384
155,M4A2,7,14900,691.3,55.5672,9.8042
155,M4A2,7,15000,695.8,55.9346,9.87
155,M4A2,7,15100,700.4,56.3021,9.9358
155,M4A2,7,15200,704.9,56.6695,10.0016
155,M4A2,7,15300,709.5,57.0369,10.0674
155,M4A2,7,15400,714.1,57.4044,10.1332
155,M4A2,7,15500,718.6,57.7718,10.199
155,M4A2,7,15600,723.2,58.1392,10.2648
155,M4A2,7,15700,727.8,58.5067,10.3306
155,M4A2,7,15800,732.4,58.8741,10.3964
155,M4A2,7,15900,737.0,59.2415,10.4622
155,M4A2,7,16000,741.6,59.6089,10.528
155,M4A2,7,16100,746.2,59.9764,10.5938
155,M4A2,7,16200,750.8,60.3438,10.6596
155,M4A2,7,16300,755.4,60.7112,10.7254
155,M4A2,7,16400,760.1,61.0787,10.7912
155,M4A2,7,16500,764.7,61.4461,10.857
155,M4A2,7,16600,769.3,61.8135,10.9228
155,M4A2,7,16700,774.0,62.181,10.9886
155,M4A2,7,16800,778.6,62.5484,11.0544
155,M4A2,7,16900,783.3,62.9158,11.1202
155,M4A2,7,17000,787.9,63.2833,11.186
155,M4A2,7,17100,792.6,63.6507,11.2518
155,M4A2,7,17200,797.3,64.0181,11.3176
155,M4A2,7,17300,802.0,64.3855,11.3834
155,M4A2,7,17400,806.7,64.753,11.4492
155,M4A2,7,17500,811.3,65.1204,11.515
155,M4A2,7,17600,816.0,65.4878,11.5808
155,M4A2,7,17700,820.7,65.8553,11.6466
155,M4A2,7,17800,825.5,66.2227,11.7124
155,M4A2,7,17900,830.2,66.5901,11.7782
155,M4A2,7,18000,834.9,66.9576,11.844
155,M4A2,7,18100,839.6,67.325,11.9098
155,M4A2,7,18200,844.3,67.6924,11.9756
155,M4A2,7,18300,849.1,68.0599,12.0414
155,M4A2,7,18400,853.8,68.4273,12.1072
155,M4A2,7,18500,858.6,68.7947,12.173
155,M4A2,7,18600,863.3,69.1622,12.2388
155,M4A2,7,18700,868.1,69.5296,12.3046
155,M4A2,7,18800,872.9,69.897,12.3704
155,M4A2,7,18900,877.6,70.2644,12.4362
155,M4A2,7,19000,882.4,70.6319,12.502
155,M4A2,7,19100,887.2,70.9993,12.5678
155,M4A2,7,19200,892.0,71.3667,12.6336
155,M4A2,7,19300,896.8,71.7342,12.6994
155,M4A2,7,19400,901.6,72.1016,12.7652
155,M4A2,7,19500,906.4,72.469,12.831
155,M4A2,7,19600,911.2,72.8365,12.8968
155,M4A2,7,19700,916.1,73.2039,12.9626
155,M4A2,7,19800,920.9,73.5713,13.0284
155,M4A2,7,19900,925.7,73.9388,13.0942
155,M4A2,7,20000,930.6,74.3062,13.16
155,M4A2,7,20100,935.4,74.6736,13.2258
155,M4A2,7,20200,940.3,75.041,13.2916
155,M4A2,7,20300,945.1,75.4085,13.3574
155,M4A2,7,20400,950.0,75.7759,13.4232
155,M4A2,7,20500,954.8,76.1433,13.489
155,M4A2,7,20600,959.7,76.5108,13.5548
155,M4A2,7,20700,964.6,76.8782,13.6206
155,M4A2,7,20800,969.5,77.2456,13.6864
155,M4A2,7,20900,974.4,77.6131,13.7522
155,M4A2,7,21000,979.3,77.9805,13.818
155,M4A2,7,21100,984.2,78.3479,13.8838
155,M4A2,7,21200,989.1,78.7154,13.9496
155,M4A2,7,21300,994.0,79.0828,14.0154
155,M4A2,7,21400,998.9,79.4502,14.0812
155,M4A2,7,21500,1003.9,79.8176,14.147
155,M4A2,7,21600,1008.8,80.1851,14.2128
155,M4A2,7,21700,1013.7,80.5525,14.2786
155,M4A2,7,21800,1018.7,80.9199,14.3444
155,M4A2,7,21900,1023.6,81.2874,14.4102
155,M4A2,7,22000,1028.6,81.6548,14.476
155,M4A2,7,22100,1033.6,82.0222,14.5418
155,M4A2,7,22200,1038.5,82.3897,14.6076
155,M4A2,7,22300,1043.5,82.7571,14.6734
155,M4A2,7,22400,1048.5,83.1245,14.7392
155,M4A2,7,22500,1053.5,83.492,14.805
155,M4A2,7,22600,1058.5,83.8594,14.8708
155,M4A2,7,22700,1063.5,84.2268,14.9366
155,M4A2,7,22800,1068.5,84.5943,15.0024
155,M4A2,7,22900,1073.5,84.9617,15.0682
155,M4A2,7,23000,1078.5,85.3291,15.134
155,M4A2,7,23100,1083.5,85.6965,15.1998
155,M4A2,7,23200,1088.6,86.064,15.2656
155,M4A2,7,23300,1093.6,86.4314,15.3314
155,M4A2,7,23400,1098.6,86.7988,15.3972
155,M4A2,7,23500,1103.7,87.1663,15.463
155,M4A2,7,23600,1108.7,87.5337,15.5288
155,M4A2,7,23700,1113.8,87.9011,15.5946
155,M4A2,7,23800,1118.9,88.2686,15.6604
155,M4A2,7,23900,1123.9,88.636,15.7262
155,M4A2,7,24000,1129.0,89.0034,15.792
155,ILA,4,3000,188.3,13.4713,1.26
155,ILA,4,3100,192.7,13.889,1.302
155,ILA,4,3200,197.1,14.3068,1.344
155,ILA,4,3300,201.5,14.7245,1.386
155,ILA,4,3400,205.8,15.1422,1.428
155,ILA,4,3500,210.2,15.5599,1.47
155,ILA,4,3600,214.6,15.9776,1.512
155,ILA,4,3700,219.0,16.3953,1.554
155,ILA,4,3800,223.4,16.813,1.596
155,ILA,4,3900,227.9,17.2307,1.638
155,ILA,4,4000,232.3,17.6484,1.68
155,ILA,4,4100,236.7,18.0661,1.722
155,ILA,4,4200,241.2,18.4839,1.764
155,ILA,4,4300,245.6,18.9016,1.806
155,ILA,4,4400,250.0,19.3193,1.848
155,ILA,4,4500,254.5,19.737,1.89
155,ILA,4,4600,259.0,20.1547,1.932
155,ILA,4,4700,263.4,20.5724,1.974
155,ILA,4,4800,267.9,20.9901,2.016
155,ILA,4,4900,272.4,21.4078,2.058
155,ILA,4,5000,276.9,21.8255,2.1
155,ILA,4,5100,281.4,22.2433,2.142
155,ILA,4,5200,285.9,22.661,2.184
155,ILA,4,5300,290.4,23.0787,2.226
155,ILA,4,5400,294.9,23.4964,2.268
155,ILA,4,5500,299.5,23.9141,2.31
155,ILA,4,5600,304.0,24.3318,2.352
155,ILA,4,5700,308.5,24.7495,2.394
155,ILA,4,5800,313.1,25.1672,2.436
155,ILA,4,5900,317.6,25.5849,2.478
155,ILA,4,6000,322.2,26.0027,2.52
155,ILA,4,6100,326.7,26.4204,2.562
155,ILA,4,6200,331.3,26.8381,2.604
155,ILA,4,6300,335.9,27.2558,2.646
155,ILA,4,6400,340.5,27.6735,2.688
155,ILA,4,6500,345.1,28.0912,2.73
155,ILA,4,6600,349.7,28.5089,2.772
155,ILA,4,6700,354.3,28.9266,2.814
155,ILA,4,6800,358.9,29.3443,2.856
155,ILA,4,6900,363.5,29.7621,2.898
155,ILA,4,7000,368.1,30.1798,2.94
155,ILA,4,7100,372.8,30.5975,2.982
155,ILA,4,7200,377.4,31.0152,3.024
155,ILA,4,7300,382.1,31.4329,3.066
155,ILA,4,7400,386.7,31.8506,3.108
155,ILA,4,7500,391.4,32.2683,3.15
155,ILA,4,7600,396.0,32.686,3.192
155,ILA,4,7700,400.7,33.1037,3.234
155,ILA,4,7800,405.4,33.5215,3.276
155,ILA,4,7900,410.1,33.9392,3.318
155,ILA,4,8000,414.8,34.3569,3.36
155,ILA,5,4000,246.2,17.8084,2.1
155,ILA,5,4100,250.6,18.2261,2.1525
155,ILA,5,4200,255.0,18.6439,2.205
155,ILA,5,4300,259.5,19.0616,2.2575
155,ILA,5,4400,263.9,19.4793,2.31
155,ILA,5,4500,268.4,19.897,2.3625
155,ILA,5,4600,272.9,20.3147,2.415
155,ILA,5,4700,277.3,20.7324,2.4675
155,ILA,5,4800,281.8,21.1501,2.52
155,ILA,5,4900,286.3,21.5678,2.5725
155,ILA,5,5000,290.8,21.9855,2.625
155,ILA,5,5100,295.3,22.4033,2.6775
155,ILA,5,5200,299.8,22.821,2.73
155,ILA,5,5300,304.3,23.2387,2.7825
155,ILA,5,5400,308.8,23.6564,2.835
155,ILA,5,5500,313.3,24.0741,2.8875
155,ILA,5,5600,317.9,24.4918,2.94
155,ILA,5,5700,322.4,24.9095,2.9925
155,ILA,5,5800,327.0,25.3272,3.045
155,ILA,5,5900,331.5,25.7449,3.0975
155,ILA,5,6000,336.1,26.1627,3.15
155,ILA,5,6100,340.6,26.5804,3.2025
155,ILA,5,6200,345.2,26.9981,3.255
155,ILA,5,6300,349.8,27.4158,3.3075
155,ILA,5,6400,354.4,27.8335,3.36
155,ILA,5,6500,359.0,28.2512,3.4125
155,ILA,5,6600,363.6,28.6689,3.465
155,ILA,5,6700,368.2,29.0866,3.5175
155,ILA,5,6800,372.8,29.5043,3.57
155,ILA,5,6900,377.4,29.9221,3.6225
155,ILA,5,7000,382.0,30.3398,3.675
155,ILA,5,7100,386.7,30.7575,3.7275
155,ILA,5,7200,391.3,31.1752,3.78
155,ILA,5,7300,396.0,31.5929,3.8325
155,ILA,5,7400,400.6,32.0106,3.885
155,ILA,5,7500,405.3,32.4283,3.9375
155,ILA,5,7600,409.9,32.846,3.99
155,ILA,5,7700,414.6,33.2637,4.0425
155,ILA,5,7800,419.3,33.6815,4.095
155,ILA,5,7900,424.0,34.0992,4.1475
155,ILA,5,8000,428.7,34.5169,4.2
155,ILA,5,8100,433.4,34.9346,4.2525
155,ILA,5,8200,438.1,35.3523,4.305
155,ILA,5,8300,442.8,35.77,4.3575
155,ILA,5,8400,447.5,36.1877,4.41
155,ILA,5,8500,452.2,36.6054,4.4625
155,ILA,5,8600,457.0,37.0231,4.515
155,ILA,5,8700,461.7,37.4409,4.5675
155,ILA,5,8800,466.5,37.8586,4.62
155,ILA,5,8900,471.2,38.2763,4.6725
155,ILA,5,9000,476.0,38.694,4.725
155,ILA,5,9100,480.7,39.1117,4.7775
155,ILA,5,9200,485.5,39.5294,4.83
155,ILA,5,9300,490.3,39.9471,4.8825
155,ILA,5,9400,495.1,40.3648,4.935
155,ILA,5,9500,499.9,40.7825,4.9875
155,ILA,5,9600,504.7,41.2003,5.04
155,ILA,5,9700,509.5,41.618,5.0925
155,ILA,5,9800,514.3,42.0357,5.145
155,ILA,5,9900,519.1,42.4534,5.1975
155,ILA,5,10000,523.9,42.8711,5.25
155,ILA,6,5000,304.7,22.1455,3.15
155,ILA,6,5100,309.2,22.5633,3.213
155,ILA,6,5200,313.7,22.981,3.276
155,ILA,6,5300,318.2,23.3987,3.339
155,ILA,6,5400,322.7,23.8164,3.402
155,ILA,6,5500,327.2,24.2341,3.465
155,ILA,6,5600,331.8,24.6518,3.528
155,ILA,6,5700,336.3,25.0695,3.591
155,ILA,6,5800,340.9,25.4872,3.654
155,ILA,6,5900,345.4,25.9049,3.717
155,ILA,6,6000,350.0,26.3227,3.78
155,ILA,6,6100,354.5,26.7404,3.843
155,ILA,6,6200,359.1,27.1581,3.906
155,ILA,6,6300,363.7,27.5758,3.969
155,ILA,6,6400,368.3,27.9935,4.032
155,ILA,6,6500,372.9,28.4112,4.095
155,ILA,6,6600,377.5,28.8289,4.158
155,ILA,6,6700,382.1,29.2466,4.221
155,ILA,6,6800,386.7,29.6643,4.284
155,ILA,6,6900,391.3,30.0821,4.347
155,ILA,6,7000,395.9,30.4998,4.41
155,ILA,6,7100,400.6,30.9175,4.473
155,ILA,6,7200,405.2,31.3352,4.536
155,ILA,6,7300,409.8,31.7529,4.599
155,ILA,6,7400,414.5,32.1706,4.662
155,ILA,6,7500,419.2,32.5883,4.725
155,ILA,6,7600,423.8,33.006,4.788
155,ILA,6,7700,428.5,33.4237,4.851
155,ILA,6,7800,433.2,33.8415,4.914
155,ILA,6,7900,437.9,34.2592,4.977
155,ILA,6,8000,442.6,34.6769,5.04
155,ILA,6,8100,447.3,35.0946,5.103
155,ILA,6,8200,452.0,35.5123,5.166
155,ILA,6,8300,456.7,35.93,5.229
155,ILA,6,8400,461.4,36.3477,5.292
155,ILA,6,8500,466.1,36.7654,5.355
155,ILA,6,8600,470.9,37.1831,5.418
155,ILA,6,8700,475.6,37.6009,5.481
155,ILA,6,8800,480.3,38.0186,5.544
155,ILA,6,8900,485.1,38.4363,5.607
155,ILA,6,9000,489.9,38.854,5.67
155,ILA,6,9100,494.6,39.2717,5.733
155,ILA,6,9200,499.4,39.6894,5.796
155,ILA,6,9300,504.2,40.1071,5.859
155,ILA,6,9400,509.0,40.5248,5.922
155,ILA,6,9500,513.8,40.9425,5.985
155,ILA,6,9600,518.6,41.3603,6.048
155,ILA,6,9700,523.4,41.778,6.111
155,ILA,6,9800,528.2,42.1957,6.174
155,ILA,6,9900,533.0,42.6134,6.237
155,ILA,6,10000,537.8,43.0311,6.3
155,ILA,6,10100,542.7,43.4488,6.363
155,ILA,6,10200,547.5,43.8665,6.426
155,ILA,6,10300,552.4,44.2842,6.489
155,ILA,6,10400,557.2,44.7019,6.552
155,ILA,6,10500,562.1,45.1196,6.615
155,ILA,6,10600,567.0,45.5374,6.678
155,ILA,6,10700,571.8,45.9551,6.741
155,ILA,6,10800,576.7,46.3728,6.804
155,ILA,6,10900,581.6,46.7905,6.867
155,ILA,6,11000,586.5,47.2082,6.93
155,ILA,6,11100,591.4,47.6259,6.993
155,ILA,6,11200,596.3,48.0436,7.056
155,ILA,6,11300,601.2,48.4613,7.119
155,ILA,6,11400,606.1,48.879,7.182
155,ILA,6,11500,611.1,49.2968,7.245
155,ILA,6,11600,616.0,49.7145,7.308
155,ILA,6,11700,621.0,50.1322,7.371
155,ILA,6,11800,625.9,50.5499,7.434
155,ILA,6,11900,630.9,50.9676,7.497
155,ILA,6,12000,635.8,51.3853,7.56
155,ILA,6,12100,640.8,51.803,7.623
155,ILA,6,12200,645.8,52.2207,7.686
155,ILA,6,12300,650.8,52.6384,7.749
155,ILA,6,12400,655.7,53.0562,7.812
155,ILA,6,12500,660.7,53.4739,7.875
155,ILA,6,12600,665.7,53.8916,7.938
155,ILA,6,12700,670.8,54.3093,8.001
155,ILA,6,12800,675.8,54.727,8.064
155,ILA,6,12900,680.8,55.1447,8.127
155,ILA,6,13000,685.8,55.5624,8.19
155,ILA,6,13100,690.9,55.9801,8.253
155,ILA,6,13200,695.9,56.3978,8.316
155,ILA,6,13300,701.0,56.8156,8.379
155,ILA,6,13400,706.0,57.2333,8.442
155,ILA,6,13500,711.1,57.651,8.505
155,ILA,6,13600,716.1,58.0687,8.568
155,ILA,6,13700,721.2,58.4864,8.631
155,ILA,6,13800,726.3,58.9041,8.694
155,ILA,6,13900,731.4,59.3218,8.757
155,ILA,6,14000,736.5,59.7395,8.82
155,ILA,6,14100,741.6,60.1572,8.883
155,ILA,6,14200,746.7,60.575,8.946
155,ILA,6,14300,751.8,60.9927,9.009
155,ILA,6,14400,757.0,61.4104,9.072
155,ILA,6,14500,762.1,61.8281,9.135
155,ILA,6,14600,767.2,62.2458,9.198
155,ILA,6,14700,772.4,62.6635,9.261
155,ILA,6,14800,777.5,63.0812,9.324
155,ILA,6,14900,782.7,63.4989,9.387
155,ILA,6,15000,787.8,63.9166,9.45
155,ILA,7,6000,363.9,26.4827,4.41
155,ILA,7,6100,368.4,26.9004,4.4835
155,ILA,7,6200,373.0,27.3181,4.557
155,ILA,7,6300,377.6,27.7358,4.6305
155,ILA,7,6400,382.2,28.1535,4.704
155,ILA,7,6500,386.8,28.5712,4.7775
155,ILA,7,6600,391.4,28.9889,4.851
155,ILA,7,6700,396.0,29.4066,4.9245
155,ILA,7,6800,400.6,29.8243,4.998
155,ILA,7,6900,405.2,30.2421,5.0715
155,ILA,7,7000,409.8,30.6598,5.145
155,ILA,7,7100,414.5,31.0775,5.2185
155,ILA,7,7200,419.1,31.4952,5.292
155,ILA,7,7300,423.7,31.9129,5.3655
155,ILA,7,7400,428.4,32.3306,5.439
155,ILA,7,7500,433.1,32.7483,5.5125
155,ILA,7,7600,437.7,33.166,5.586
155,ILA,7,7700,442.4,33.5837,5.6595
155,ILA,7,7800,447.1,34.0015,5.733
155,ILA,7,7900,451.8,34.4192,5.8065
155,ILA,7,8000,456.5,34.8369,5.88
155,ILA,7,8100,461.2,35.2546,5.9535
155,ILA,7,8200,465.9,35.6723,6.027
155,ILA,7,8300,470.6,36.09,6.1005
155,ILA,7,8400,475.3,36.5077,6.174
155,ILA,7,8500,480.0,36.9254,6.2475
155,ILA,7,8600,484.8,37.3431,6.321
155,ILA,7,8700,489.5,37.7609,6.3945
155,ILA,7,8800,494.2,38.1786,6.468
155,ILA,7,8900,499.0,38.5963,6.5415
155,ILA,7,9000,503.8,39.014,6.615
155,ILA,7,9100,508.5,39.4317,6.6885
155,ILA,7,9200,513.3,39.8494,6.762
155,ILA,7,9300,518.1,40.2671,6.8355
155,ILA,7,9400,522.9,40.6848,6.909
155,ILA,7,9500,527.7,41.1025,6.9825
155,ILA,7,9600,532.5,41.5203,7.056
155,ILA,7,9700,537.3,41.938,7.1295
155,ILA,7,9800,542.1,42.3557,7.203
155,ILA,7,9900,546.9,42.7734,7.2765
155,ILA,7,10000,551.7,43.1911,7.35
155,ILA,7,10100,556.6,43.6088,7.4235
155,ILA,7,10200,561.4,44.0265,7.497
155,ILA,7,10300,566.3,44.4442,7.5705
155,ILA,7,10400,571.1,44.8619,7.644
155,ILA,7,10500,576.0,45.2796,7.7175
155,ILA,7,10600,580.8,45.6974,7.791
155,ILA,7,10700,585.7,46.1151,7.8645
155,ILA,7,10800,590.6,46.5328,7.938
155,ILA,7,10900,595.5,46.9505,8.0115
155,ILA,7,11000,600.4,47.3682,8.085
155,ILA,7,11100,605.3,47.7859,8.1585
155,ILA,7,11200,610.2,48.2036,8.232
155,ILA,7,11300,615.1,48.6213,8.3055
155,ILA,7,11400,620.0,49.039,8.379
155,ILA,7,11500,625.0,49.4568,8.4525
155,ILA,7,11600,629.9,49.8745,8.526
155,ILA,7,11700,634.8,50.2922,8.5995
155,ILA,7,11800,639.8,50.7099,8.673
155,ILA,7,11900,644.8,51.1276,8.7465
155,ILA,7,12000,649.7,51.5453,8.82
155,ILA,7,12100,654.7,51.963,8.8935
155,ILA,7,12200,659.7,52.3807,8.967
155,ILA,7,12300,664.6,52.7984,9.0405
155,ILA,7,12400,669.6,53.2162,9.114
155,ILA,7,12500,674.6,53.6339,9.1875
155,ILA,7,12600,679.6,54.0516,9.261
155,ILA,7,12700,684.6,54.4693,9.3345
155,ILA,7,12800,689.7,54.887,9.408
155,ILA,7,12900,694.7,55.3047,9.4815
155,ILA,7,13000,699.7,55.7224,9.555
155,ILA,7,13100,704.8,56.1401,9.6285
155,ILA,7,13200,709.8,56.5578,9.702
155,ILA,7,13300,714.8,56.9756,9.7755
155,ILA,7,13400,719.9,57.3933,9.849
155,ILA,7,13500,725.0,57.811,9.9225
155,ILA,7,13600,730.0,58.2287,9.996
155,ILA,7,13700,735.1,58.6464,10.0695
155,ILA,7,13800,740.2,59.0641,10.143
155,ILA,7,13900,745.3,59.4818,10.2165
155,ILA,7,14000,750.4,59.8995,10.29
155,ILA,7,14100,755.5,60.3172,10.3635
155,ILA,7,14200,760.6,60.735,10.437
155,ILA,7,14300,765.7,61.1527,10.5105
155,ILA,7,14400,770.8,61.5704,10.584
155,ILA,7,14500,776.0,61.9881,10.6575
155,ILA,7,14600,781.1,62.4058,10.731
155,ILA,7,14700,786.3,62.8235,10.8045
155,ILA,7,14800,791.4,63.2412,10.878
155,ILA,7,14900,796.6,63.6589,10.9515
155,ILA,7,15000,801.7,64.0766,11.025
155,ILA,7,15100,806.9,64.4944,11.0985
155,ILA,7,15200,812.1,64.9121,11.172
155,ILA,7,15300,817.3,65.3298,11.2455
155,ILA,7,15400,822.5,65.7475,11.319
155,ILA,7,15500,827.7,66.1652,11.3925
155,ILA,7,15600,832.9,66.5829,11.466
155,ILA,7,15700,838.1,67.0006,11.5395
155,ILA,7,15800,843.3,67.4183,11.613
155,ILA,7,15900,848.5,67.836,11.6865
155,ILA,7,16000,853.8,68.2538,11.76
155,ILA,7,16100,859.0,68.6715,11.8335
155,ILA,7,16200,864.2,69.0892,11.907
155,ILA,7,16300,869.5,69.5069,11.9805
155,ILA,7,16400,874.8,69.9246,12.054
155,ILA,7,16500,880.0,70.3423,12.1275
155,ILA,7,16600,885.3,70.76,12.201
155,ILA,7,16700,890.6,71.1777,12.2745
155,ILA,7,16800,895.9,71.5954,12.348
155,ILA,7,16900,901.2,72.0131,12.4215
155,ILA,7,17000,906.5,72.4309,12.495
155,ILA,7,17100,911.8,72.8486,12.5685
155,ILA,7,17200,917.1,73.2663,12.642
155,ILA,7,17300,922.4,73.684,12.7155
155,ILA,7,17400,927.7,74.1017,12.789
155,ILA,7,17500,933.1,74.5194,12.8625
155,ILA,7,17600,938.4,74.9371,12.936
155,ILA,7,17700,943.7,75.3548,13.0095
155,ILA,7,17800,949.1,75.7725,13.083
155,ILA,7,17900,954.5,76.1903,13.1565
155,ILA,7,18000,959.8,76.608,13.23
